file,line,type,commit,author,date,time,timezone,datetime,depth,length
style.css,1,css,458453d1,rinconjm,2025-10-10,11:31:43,-07:00,2025-10-10T11:31:43-07:00,0,5
style.css,2,css,5e42d002,rinconjm,2025-10-31,12:26:42,-07:00,2025-10-31T12:26:42-07:00,1,42
style.css,3,css,458453d1,rinconjm,2025-10-10,11:31:43,-07:00,2025-10-10T11:31:43-07:00,0,0
style.css,4,css,458453d1,rinconjm,2025-10-10,11:31:43,-07:00,2025-10-10T11:31:43-07:00,0,0
style.css,5,css,458453d1,rinconjm,2025-10-10,11:31:43,-07:00,2025-10-10T11:31:43-07:00,0,4
style.css,6,css,458453d1,rinconjm,2025-10-10,11:31:43,-07:00,2025-10-10T11:31:43-07:00,1,32
style.css,7,css,40ca287c,rinconjm,2025-10-16,18:55:17,-07:00,2025-10-16T18:55:17-07:00,1,23
style.css,8,css,458453d1,rinconjm,2025-10-10,11:31:43,-07:00,2025-10-10T11:31:43-07:00,0,0
style.css,9,css,458453d1,rinconjm,2025-10-10,11:31:43,-07:00,2025-10-10T11:31:43-07:00,0,0
style.css,10,css,458453d1,rinconjm,2025-10-10,11:31:43,-07:00,2025-10-10T11:31:43-07:00,0,18
style.css,11,css,458453d1,rinconjm,2025-10-10,11:31:43,-07:00,2025-10-10T11:31:43-07:00,1,15
style.css,12,css,458453d1,rinconjm,2025-10-10,11:31:43,-07:00,2025-10-10T11:31:43-07:00,1,17
style.css,13,css,458453d1,rinconjm,2025-10-10,11:31:43,-07:00,2025-10-10T11:31:43-07:00,0,0
style.css,14,css,458453d1,rinconjm,2025-10-10,11:31:43,-07:00,2025-10-10T11:31:43-07:00,0,0
style.css,15,css,458453d1,rinconjm,2025-10-10,11:31:43,-07:00,2025-10-10T11:31:43-07:00,0,2
style.css,16,css,458453d1,rinconjm,2025-10-10,11:31:43,-07:00,2025-10-10T11:31:43-07:00,1,14
style.css,17,css,458453d1,rinconjm,2025-10-10,11:31:43,-07:00,2025-10-10T11:31:43-07:00,0,0
style.css,18,css,458453d1,rinconjm,2025-10-10,11:31:43,-07:00,2025-10-10T11:31:43-07:00,0,0
style.css,19,css,78686084,rinconjm,2025-09-30,17:00:46,-07:00,2025-09-30T17:00:46-07:00,0,4
style.css,20,css,78686084,rinconjm,2025-09-30,17:00:46,-07:00,2025-09-30T17:00:46-07:00,1,23
style.css,21,css,458453d1,rinconjm,2025-10-10,11:31:43,-07:00,2025-10-10T11:31:43-07:00,1,15
style.css,22,css,00cb4675,rinconjm,2025-10-24,13:35:58,-07:00,2025-10-24T13:35:58-07:00,1,42
style.css,23,css,458453d1,rinconjm,2025-10-10,11:31:43,-07:00,2025-10-10T11:31:43-07:00,1,11
style.css,24,css,458453d1,rinconjm,2025-10-10,11:31:43,-07:00,2025-10-10T11:31:43-07:00,0,0
style.css,25,css,458453d1,rinconjm,2025-10-10,11:31:43,-07:00,2025-10-10T11:31:43-07:00,0,0
style.css,26,css,458453d1,rinconjm,2025-10-10,11:31:43,-07:00,2025-10-10T11:31:43-07:00,0,8
style.css,27,css,458453d1,rinconjm,2025-10-10,11:31:43,-07:00,2025-10-10T11:31:43-07:00,1,15
style.css,28,css,458453d1,rinconjm,2025-10-10,11:31:43,-07:00,2025-10-10T11:31:43-07:00,0,0
style.css,29,css,458453d1,rinconjm,2025-10-10,11:31:43,-07:00,2025-10-10T11:31:43-07:00,0,0
style.css,30,css,458453d1,rinconjm,2025-10-10,11:31:43,-07:00,2025-10-10T11:31:43-07:00,0,3
style.css,31,css,40ca287c,rinconjm,2025-10-16,18:55:17,-07:00,2025-10-16T18:55:17-07:00,1,36
style.css,32,css,458453d1,rinconjm,2025-10-10,11:31:43,-07:00,2025-10-10T11:31:43-07:00,1,12
style.css,33,css,40ca287c,rinconjm,2025-10-16,18:55:17,-07:00,2025-10-16T18:55:17-07:00,1,43
style.css,34,css,458453d1,rinconjm,2025-10-10,11:31:43,-07:00,2025-10-10T11:31:43-07:00,0,0
style.css,35,css,458453d1,rinconjm,2025-10-10,11:31:43,-07:00,2025-10-10T11:31:43-07:00,0,0
style.css,36,css,458453d1,rinconjm,2025-10-10,11:31:43,-07:00,2025-10-10T11:31:43-07:00,0,5
style.css,37,css,458453d1,rinconjm,2025-10-10,11:31:43,-07:00,2025-10-10T11:31:43-07:00,1,6
style.css,38,css,458453d1,rinconjm,2025-10-10,11:31:43,-07:00,2025-10-10T11:31:43-07:00,1,20
style.css,39,css,458453d1,rinconjm,2025-10-10,11:31:43,-07:00,2025-10-10T11:31:43-07:00,1,13
style.css,40,css,458453d1,rinconjm,2025-10-10,11:31:43,-07:00,2025-10-10T11:31:43-07:00,1,17
style.css,41,css,458453d1,rinconjm,2025-10-10,11:31:43,-07:00,2025-10-10T11:31:43-07:00,1,13
style.css,42,css,458453d1,rinconjm,2025-10-10,11:31:43,-07:00,2025-10-10T11:31:43-07:00,0,0
style.css,43,css,458453d1,rinconjm,2025-10-10,11:31:43,-07:00,2025-10-10T11:31:43-07:00,0,0
style.css,44,css,458453d1,rinconjm,2025-10-10,11:31:43,-07:00,2025-10-10T11:31:43-07:00,0,13
style.css,45,css,40ca287c,rinconjm,2025-10-16,18:55:17,-07:00,2025-10-16T18:55:17-07:00,1,45
style.css,46,css,458453d1,rinconjm,2025-10-10,11:31:43,-07:00,2025-10-10T11:31:43-07:00,1,20
style.css,47,css,458453d1,rinconjm,2025-10-10,11:31:43,-07:00,2025-10-10T11:31:43-07:00,0,0
style.css,48,css,458453d1,rinconjm,2025-10-10,11:31:43,-07:00,2025-10-10T11:31:43-07:00,0,0
style.css,49,css,458453d1,rinconjm,2025-10-10,11:31:43,-07:00,2025-10-10T11:31:43-07:00,0,10
style.css,50,css,458453d1,rinconjm,2025-10-10,11:31:43,-07:00,2025-10-10T11:31:43-07:00,1,45
style.css,51,css,458453d1,rinconjm,2025-10-10,11:31:43,-07:00,2025-10-10T11:31:43-07:00,1,20
style.css,52,css,40ca287c,rinconjm,2025-10-16,18:55:17,-07:00,2025-10-16T18:55:17-07:00,1,69
style.css,53,css,458453d1,rinconjm,2025-10-10,11:31:43,-07:00,2025-10-10T11:31:43-07:00,0,0
style.css,54,css,458453d1,rinconjm,2025-10-10,11:31:43,-07:00,2025-10-10T11:31:43-07:00,0,0
style.css,55,css,458453d1,rinconjm,2025-10-10,11:31:43,-07:00,2025-10-10T11:31:43-07:00,0,0
style.css,56,css,458453d1,rinconjm,2025-10-10,11:31:43,-07:00,2025-10-10T11:31:43-07:00,0,4
style.css,57,css,458453d1,rinconjm,2025-10-10,11:31:43,-07:00,2025-10-10T11:31:43-07:00,1,12
style.css,58,css,458453d1,rinconjm,2025-10-10,11:31:43,-07:00,2025-10-10T11:31:43-07:00,1,30
style.css,59,css,458453d1,rinconjm,2025-10-10,11:31:43,-07:00,2025-10-10T11:31:43-07:00,1,7
style.css,60,css,458453d1,rinconjm,2025-10-10,11:31:43,-07:00,2025-10-10T11:31:43-07:00,0,0
style.css,61,css,458453d1,rinconjm,2025-10-10,11:31:43,-07:00,2025-10-10T11:31:43-07:00,0,0
style.css,62,css,458453d1,rinconjm,2025-10-10,11:31:43,-07:00,2025-10-10T11:31:43-07:00,0,4
style.css,63,css,458453d1,rinconjm,2025-10-10,11:31:43,-07:00,2025-10-10T11:31:43-07:00,1,15
style.css,64,css,458453d1,rinconjm,2025-10-10,11:31:43,-07:00,2025-10-10T11:31:43-07:00,1,29
style.css,65,css,458453d1,rinconjm,2025-10-10,11:31:43,-07:00,2025-10-10T11:31:43-07:00,0,0
style.css,66,css,458453d1,rinconjm,2025-10-10,11:31:43,-07:00,2025-10-10T11:31:43-07:00,0,0
style.css,67,css,458453d1,rinconjm,2025-10-10,11:31:43,-07:00,2025-10-10T11:31:43-07:00,0,6
style.css,68,css,458453d1,rinconjm,2025-10-10,11:31:43,-07:00,2025-10-10T11:31:43-07:00,1,18
style.css,69,css,458453d1,rinconjm,2025-10-10,11:31:43,-07:00,2025-10-10T11:31:43-07:00,0,0
style.css,70,css,458453d1,rinconjm,2025-10-10,11:31:43,-07:00,2025-10-10T11:31:43-07:00,0,0
style.css,71,css,458453d1,rinconjm,2025-10-10,11:31:43,-07:00,2025-10-10T11:31:43-07:00,0,9
style.css,72,css,458453d1,rinconjm,2025-10-10,11:31:43,-07:00,2025-10-10T11:31:43-07:00,1,12
style.css,73,css,458453d1,rinconjm,2025-10-10,11:31:43,-07:00,2025-10-10T11:31:43-07:00,1,59
style.css,74,css,458453d1,rinconjm,2025-10-10,11:31:43,-07:00,2025-10-10T11:31:43-07:00,1,7
style.css,75,css,5e42d002,rinconjm,2025-10-31,12:26:42,-07:00,2025-10-31T12:26:42-07:00,1,17
style.css,76,css,458453d1,rinconjm,2025-10-10,11:31:43,-07:00,2025-10-10T11:31:43-07:00,0,0
style.css,77,css,458453d1,rinconjm,2025-10-10,11:31:43,-07:00,2025-10-10T11:31:43-07:00,0,0
style.css,78,css,458453d1,rinconjm,2025-10-10,11:31:43,-07:00,2025-10-10T11:31:43-07:00,0,17
style.css,79,css,458453d1,rinconjm,2025-10-10,11:31:43,-07:00,2025-10-10T11:31:43-07:00,1,12
style.css,80,css,458453d1,rinconjm,2025-10-10,11:31:43,-07:00,2025-10-10T11:31:43-07:00,1,26
style.css,81,css,5e42d002,rinconjm,2025-10-31,12:26:42,-07:00,2025-10-31T12:26:42-07:00,1,64
style.css,82,css,458453d1,rinconjm,2025-10-10,11:31:43,-07:00,2025-10-10T11:31:43-07:00,1,15
style.css,83,css,5e42d002,rinconjm,2025-10-31,12:26:42,-07:00,2025-10-31T12:26:42-07:00,1,14
style.css,84,css,5e42d002,rinconjm,2025-10-31,12:26:42,-07:00,2025-10-31T12:26:42-07:00,1,19
style.css,85,css,5e42d002,rinconjm,2025-10-31,12:26:42,-07:00,2025-10-31T12:26:42-07:00,1,48
style.css,86,css,5e42d002,rinconjm,2025-10-31,12:26:42,-07:00,2025-10-31T12:26:42-07:00,1,16
style.css,87,css,458453d1,rinconjm,2025-10-10,11:31:43,-07:00,2025-10-10T11:31:43-07:00,0,0
style.css,88,css,458453d1,rinconjm,2025-10-10,11:31:43,-07:00,2025-10-10T11:31:43-07:00,0,0
style.css,89,css,458453d1,rinconjm,2025-10-10,11:31:43,-07:00,2025-10-10T11:31:43-07:00,0,20
style.css,90,css,5e42d002,rinconjm,2025-10-31,12:26:42,-07:00,2025-10-31T12:26:42-07:00,1,20
style.css,91,css,5e42d002,rinconjm,2025-10-31,12:26:42,-07:00,2025-10-31T12:26:42-07:00,1,8
style.css,92,css,5e42d002,rinconjm,2025-10-31,12:26:42,-07:00,2025-10-31T12:26:42-07:00,0,0
style.css,93,css,5e42d002,rinconjm,2025-10-31,12:26:42,-07:00,2025-10-31T12:26:42-07:00,0,0
style.css,94,css,5e42d002,rinconjm,2025-10-31,12:26:42,-07:00,2025-10-31T12:26:42-07:00,0,18
style.css,95,css,5e42d002,rinconjm,2025-10-31,12:26:42,-07:00,2025-10-31T12:26:42-07:00,1,14
style.css,96,css,5e42d002,rinconjm,2025-10-31,12:26:42,-07:00,2025-10-31T12:26:42-07:00,1,16
style.css,97,css,5e42d002,rinconjm,2025-10-31,12:26:42,-07:00,2025-10-31T12:26:42-07:00,0,0
style.css,98,css,5e42d002,rinconjm,2025-10-31,12:26:42,-07:00,2025-10-31T12:26:42-07:00,1,16
style.css,99,css,5e42d002,rinconjm,2025-10-31,12:26:42,-07:00,2025-10-31T12:26:42-07:00,0,0
style.css,100,css,5e42d002,rinconjm,2025-10-31,12:26:42,-07:00,2025-10-31T12:26:42-07:00,0,0
style.css,101,css,5e42d002,rinconjm,2025-10-31,12:26:42,-07:00,2025-10-31T12:26:42-07:00,0,13
style.css,102,css,5e42d002,rinconjm,2025-10-31,12:26:42,-07:00,2025-10-31T12:26:42-07:00,1,12
style.css,103,css,5e42d002,rinconjm,2025-10-31,12:26:42,-07:00,2025-10-31T12:26:42-07:00,1,21
style.css,104,css,5e42d002,rinconjm,2025-10-31,12:26:42,-07:00,2025-10-31T12:26:42-07:00,1,11
style.css,105,css,5e42d002,rinconjm,2025-10-31,12:26:42,-07:00,2025-10-31T12:26:42-07:00,1,39
style.css,106,css,5e42d002,rinconjm,2025-10-31,12:26:42,-07:00,2025-10-31T12:26:42-07:00,0,0
style.css,107,css,5e42d002,rinconjm,2025-10-31,12:26:42,-07:00,2025-10-31T12:26:42-07:00,0,0
style.css,108,css,5e42d002,rinconjm,2025-10-31,12:26:42,-07:00,2025-10-31T12:26:42-07:00,0,26
style.css,109,css,5e42d002,rinconjm,2025-10-31,12:26:42,-07:00,2025-10-31T12:26:42-07:00,1,10
style.css,110,css,5e42d002,rinconjm,2025-10-31,12:26:42,-07:00,2025-10-31T12:26:42-07:00,1,18
style.css,111,css,5e42d002,rinconjm,2025-10-31,12:26:42,-07:00,2025-10-31T12:26:42-07:00,0,0
style.css,112,css,5e42d002,rinconjm,2025-10-31,12:26:42,-07:00,2025-10-31T12:26:42-07:00,0,0
style.css,113,css,5e42d002,rinconjm,2025-10-31,12:26:42,-07:00,2025-10-31T12:26:42-07:00,0,21
style.css,114,css,5e42d002,rinconjm,2025-10-31,12:26:42,-07:00,2025-10-31T12:26:42-07:00,1,10
style.css,115,css,5e42d002,rinconjm,2025-10-31,12:26:42,-07:00,2025-10-31T12:26:42-07:00,1,11
style.css,116,css,5e42d002,rinconjm,2025-10-31,12:26:42,-07:00,2025-10-31T12:26:42-07:00,1,13
style.css,117,css,5e42d002,rinconjm,2025-10-31,12:26:42,-07:00,2025-10-31T12:26:42-07:00,0,0
style.css,118,css,5e42d002,rinconjm,2025-10-31,12:26:42,-07:00,2025-10-31T12:26:42-07:00,0,0
style.css,119,css,5e42d002,rinconjm,2025-10-31,12:26:42,-07:00,2025-10-31T12:26:42-07:00,0,23
style.css,120,css,5e42d002,rinconjm,2025-10-31,12:26:42,-07:00,2025-10-31T12:26:42-07:00,1,45
style.css,121,css,5e42d002,rinconjm,2025-10-31,12:26:42,-07:00,2025-10-31T12:26:42-07:00,1,14
style.css,122,css,458453d1,rinconjm,2025-10-10,11:31:43,-07:00,2025-10-10T11:31:43-07:00,1,8
style.css,123,css,5e42d002,rinconjm,2025-10-31,12:26:42,-07:00,2025-10-31T12:26:42-07:00,1,38
style.css,124,css,5e42d002,rinconjm,2025-10-31,12:26:42,-07:00,2025-10-31T12:26:42-07:00,1,14
style.css,125,css,5e42d002,rinconjm,2025-10-31,12:26:42,-07:00,2025-10-31T12:26:42-07:00,0,0
style.css,126,css,5e42d002,rinconjm,2025-10-31,12:26:42,-07:00,2025-10-31T12:26:42-07:00,0,0
style.css,127,css,5e42d002,rinconjm,2025-10-31,12:26:42,-07:00,2025-10-31T12:26:42-07:00,0,10
style.css,128,css,5e42d002,rinconjm,2025-10-31,12:26:42,-07:00,2025-10-31T12:26:42-07:00,1,17
style.css,129,css,5e42d002,rinconjm,2025-10-31,12:26:42,-07:00,2025-10-31T12:26:42-07:00,1,43
style.css,130,css,5e42d002,rinconjm,2025-10-31,12:26:42,-07:00,2025-10-31T12:26:42-07:00,1,48
style.css,131,css,5e42d002,rinconjm,2025-10-31,12:26:42,-07:00,2025-10-31T12:26:42-07:00,1,24
style.css,132,css,5e42d002,rinconjm,2025-10-31,12:26:42,-07:00,2025-10-31T12:26:42-07:00,1,34
style.css,133,css,5e42d002,rinconjm,2025-10-31,12:26:42,-07:00,2025-10-31T12:26:42-07:00,1,17
style.css,134,css,5e42d002,rinconjm,2025-10-31,12:26:42,-07:00,2025-10-31T12:26:42-07:00,1,12
style.css,135,css,5e42d002,rinconjm,2025-10-31,12:26:42,-07:00,2025-10-31T12:26:42-07:00,1,15
style.css,136,css,5e42d002,rinconjm,2025-10-31,12:26:42,-07:00,2025-10-31T12:26:42-07:00,0,0
style.css,137,css,5e42d002,rinconjm,2025-10-31,12:26:42,-07:00,2025-10-31T12:26:42-07:00,0,0
style.css,138,css,5e42d002,rinconjm,2025-10-31,12:26:42,-07:00,2025-10-31T12:26:42-07:00,0,4
style.css,139,css,5e42d002,rinconjm,2025-10-31,12:26:42,-07:00,2025-10-31T12:26:42-07:00,1,16
style.css,140,css,5e42d002,rinconjm,2025-10-31,12:26:42,-07:00,2025-10-31T12:26:42-07:00,1,14
style.css,141,css,458453d1,rinconjm,2025-10-10,11:31:43,-07:00,2025-10-10T11:31:43-07:00,0,0
style.css,142,css,458453d1,rinconjm,2025-10-10,11:31:43,-07:00,2025-10-10T11:31:43-07:00,0,0
style.css,143,css,5e42d002,rinconjm,2025-10-31,12:26:42,-07:00,2025-10-31T12:26:42-07:00,0,17
style.css,144,css,5e42d002,rinconjm,2025-10-31,12:26:42,-07:00,2025-10-31T12:26:42-07:00,1,16
style.css,145,css,5e42d002,rinconjm,2025-10-31,12:26:42,-07:00,2025-10-31T12:26:42-07:00,2,11
style.css,146,css,5e42d002,rinconjm,2025-10-31,12:26:42,-07:00,2025-10-31T12:26:42-07:00,1,0
style.css,147,css,5e42d002,rinconjm,2025-10-31,12:26:42,-07:00,2025-10-31T12:26:42-07:00,0,0
style.css,148,css,5e42d002,rinconjm,2025-10-31,12:26:42,-07:00,2025-10-31T12:26:42-07:00,0,0
style.css,149,css,5e42d002,rinconjm,2025-10-31,12:26:42,-07:00,2025-10-31T12:26:42-07:00,0,9
style.css,150,css,5e42d002,rinconjm,2025-10-31,12:26:42,-07:00,2025-10-31T12:26:42-07:00,1,48
style.css,151,css,5e42d002,rinconjm,2025-10-31,12:26:42,-07:00,2025-10-31T12:26:42-07:00,0,0
style.css,152,css,5e42d002,rinconjm,2025-10-31,12:26:42,-07:00,2025-10-31T12:26:42-07:00,1,10
style.css,153,css,5e42d002,rinconjm,2025-10-31,12:26:42,-07:00,2025-10-31T12:26:42-07:00,2,17
style.css,154,css,5e42d002,rinconjm,2025-10-31,12:26:42,-07:00,2025-10-31T12:26:42-07:00,1,0
style.css,155,css,5e42d002,rinconjm,2025-10-31,12:26:42,-07:00,2025-10-31T12:26:42-07:00,0,0
style.css,156,css,5e42d002,rinconjm,2025-10-31,12:26:42,-07:00,2025-10-31T12:26:42-07:00,0,0
style.css,157,css,5e42d002,rinconjm,2025-10-31,12:26:42,-07:00,2025-10-31T12:26:42-07:00,0,10
style.css,158,css,5e42d002,rinconjm,2025-10-31,12:26:42,-07:00,2025-10-31T12:26:42-07:00,1,12
style.css,159,css,5e42d002,rinconjm,2025-10-31,12:26:42,-07:00,2025-10-31T12:26:42-07:00,1,18
style.css,160,css,5e42d002,rinconjm,2025-10-31,12:26:42,-07:00,2025-10-31T12:26:42-07:00,1,7
style.css,161,css,5e42d002,rinconjm,2025-10-31,12:26:42,-07:00,2025-10-31T12:26:42-07:00,0,0
style.css,162,css,5e42d002,rinconjm,2025-10-31,12:26:42,-07:00,2025-10-31T12:26:42-07:00,0,0
style.css,163,css,5e42d002,rinconjm,2025-10-31,12:26:42,-07:00,2025-10-31T12:26:42-07:00,0,7
style.css,164,css,5e42d002,rinconjm,2025-10-31,12:26:42,-07:00,2025-10-31T12:26:42-07:00,1,12
style.css,165,css,5e42d002,rinconjm,2025-10-31,12:26:42,-07:00,2025-10-31T12:26:42-07:00,1,57
style.css,166,css,5e42d002,rinconjm,2025-10-31,12:26:42,-07:00,2025-10-31T12:26:42-07:00,1,48
style.css,167,css,5e42d002,rinconjm,2025-10-31,12:26:42,-07:00,2025-10-31T12:26:42-07:00,1,19
style.css,168,css,5e42d002,rinconjm,2025-10-31,12:26:42,-07:00,2025-10-31T12:26:42-07:00,1,11
style.css,169,css,5e42d002,rinconjm,2025-10-31,12:26:42,-07:00,2025-10-31T12:26:42-07:00,1,6
style.css,170,css,5e42d002,rinconjm,2025-10-31,12:26:42,-07:00,2025-10-31T12:26:42-07:00,1,9
style.css,171,css,5e42d002,rinconjm,2025-10-31,12:26:42,-07:00,2025-10-31T12:26:42-07:00,0,0
style.css,172,css,5e42d002,rinconjm,2025-10-31,12:26:42,-07:00,2025-10-31T12:26:42-07:00,0,0
style.css,173,css,5e42d002,rinconjm,2025-10-31,12:26:42,-07:00,2025-10-31T12:26:42-07:00,0,12
style.css,174,css,5e42d002,rinconjm,2025-10-31,12:26:42,-07:00,2025-10-31T12:26:42-07:00,1,12
style.css,175,css,5e42d002,rinconjm,2025-10-31,12:26:42,-07:00,2025-10-31T12:26:42-07:00,1,18
style.css,176,css,5e42d002,rinconjm,2025-10-31,12:26:42,-07:00,2025-10-31T12:26:42-07:00,1,9
style.css,177,css,5e42d002,rinconjm,2025-10-31,12:26:42,-07:00,2025-10-31T12:26:42-07:00,0,0
style.css,178,css,5e42d002,rinconjm,2025-10-31,12:26:42,-07:00,2025-10-31T12:26:42-07:00,0,0
style.css,179,css,5e42d002,rinconjm,2025-10-31,12:26:42,-07:00,2025-10-31T12:26:42-07:00,0,6
style.css,180,css,5e42d002,rinconjm,2025-10-31,12:26:42,-07:00,2025-10-31T12:26:42-07:00,1,20
style.css,181,css,5e42d002,rinconjm,2025-10-31,12:26:42,-07:00,2025-10-31T12:26:42-07:00,1,9
style.css,182,css,5e42d002,rinconjm,2025-10-31,12:26:42,-07:00,2025-10-31T12:26:42-07:00,1,17
style.css,183,css,5e42d002,rinconjm,2025-10-31,12:26:42,-07:00,2025-10-31T12:26:42-07:00,1,18
style.css,184,css,5e42d002,rinconjm,2025-10-31,12:26:42,-07:00,2025-10-31T12:26:42-07:00,1,29
style.css,185,css,5e42d002,rinconjm,2025-10-31,12:26:42,-07:00,2025-10-31T12:26:42-07:00,0,0
style.css,186,css,00cb4675,rinconjm,2025-10-24,13:35:58,-07:00,2025-10-24T13:35:58-07:00,0,0
style.css,187,css,458453d1,rinconjm,2025-10-10,11:31:43,-07:00,2025-10-10T11:31:43-07:00,0,13
style.css,188,css,458453d1,rinconjm,2025-10-10,11:31:43,-07:00,2025-10-10T11:31:43-07:00,1,12
style.css,189,css,458453d1,rinconjm,2025-10-10,11:31:43,-07:00,2025-10-10T11:31:43-07:00,1,7
style.css,190,css,458453d1,rinconjm,2025-10-10,11:31:43,-07:00,2025-10-10T11:31:43-07:00,1,18
style.css,191,css,458453d1,rinconjm,2025-10-10,11:31:43,-07:00,2025-10-10T11:31:43-07:00,0,0
style.css,192,css,458453d1,rinconjm,2025-10-10,11:31:43,-07:00,2025-10-10T11:31:43-07:00,0,0
style.css,193,css,458453d1,rinconjm,2025-10-10,11:31:43,-07:00,2025-10-10T11:31:43-07:00,0,50
style.css,194,css,458453d1,rinconjm,2025-10-10,11:31:43,-07:00,2025-10-10T11:31:43-07:00,1,19
style.css,195,css,458453d1,rinconjm,2025-10-10,11:31:43,-07:00,2025-10-10T11:31:43-07:00,1,13
style.css,196,css,458453d1,rinconjm,2025-10-10,11:31:43,-07:00,2025-10-10T11:31:43-07:00,0,0
style.css,197,css,458453d1,rinconjm,2025-10-10,11:31:43,-07:00,2025-10-10T11:31:43-07:00,0,0
style.css,198,css,458453d1,rinconjm,2025-10-10,11:31:43,-07:00,2025-10-10T11:31:43-07:00,0,15
style.css,199,css,458453d1,rinconjm,2025-10-10,11:31:43,-07:00,2025-10-10T11:31:43-07:00,1,8
style.css,200,css,458453d1,rinconjm,2025-10-10,11:31:43,-07:00,2025-10-10T11:31:43-07:00,1,20
style.css,201,css,458453d1,rinconjm,2025-10-10,11:31:43,-07:00,2025-10-10T11:31:43-07:00,1,13
style.css,202,css,458453d1,rinconjm,2025-10-10,11:31:43,-07:00,2025-10-10T11:31:43-07:00,0,0
style.css,203,css,458453d1,rinconjm,2025-10-10,11:31:43,-07:00,2025-10-10T11:31:43-07:00,0,0
style.css,204,css,458453d1,rinconjm,2025-10-10,11:31:43,-07:00,2025-10-10T11:31:43-07:00,0,15
style.css,205,css,458453d1,rinconjm,2025-10-10,11:31:43,-07:00,2025-10-10T11:31:43-07:00,1,8
style.css,206,css,458453d1,rinconjm,2025-10-10,11:31:43,-07:00,2025-10-10T11:31:43-07:00,0,0
style.css,207,css,458453d1,rinconjm,2025-10-10,11:31:43,-07:00,2025-10-10T11:31:43-07:00,0,0
style.css,208,css,458453d1,rinconjm,2025-10-10,11:31:43,-07:00,2025-10-10T11:31:43-07:00,0,31
style.css,209,css,458453d1,rinconjm,2025-10-10,11:31:43,-07:00,2025-10-10T11:31:43-07:00,1,12
style.css,210,css,458453d1,rinconjm,2025-10-10,11:31:43,-07:00,2025-10-10T11:31:43-07:00,1,29
style.css,211,css,458453d1,rinconjm,2025-10-10,11:31:43,-07:00,2025-10-10T11:31:43-07:00,1,13
style.css,212,css,458453d1,rinconjm,2025-10-10,11:31:43,-07:00,2025-10-10T11:31:43-07:00,1,18
style.css,213,css,458453d1,rinconjm,2025-10-10,11:31:43,-07:00,2025-10-10T11:31:43-07:00,0,0
style.css,214,css,458453d1,rinconjm,2025-10-10,11:31:43,-07:00,2025-10-10T11:31:43-07:00,0,0
style.css,215,css,458453d1,rinconjm,2025-10-10,11:31:43,-07:00,2025-10-10T11:31:43-07:00,0,34
style.css,216,css,458453d1,rinconjm,2025-10-10,11:31:43,-07:00,2025-10-10T11:31:43-07:00,1,15
style.css,217,css,458453d1,rinconjm,2025-10-10,11:31:43,-07:00,2025-10-10T11:31:43-07:00,0,0
style.css,218,css,458453d1,rinconjm,2025-10-10,11:31:43,-07:00,2025-10-10T11:31:43-07:00,0,0
style.css,219,css,458453d1,rinconjm,2025-10-10,11:31:43,-07:00,2025-10-10T11:31:43-07:00,0,36
style.css,220,css,458453d1,rinconjm,2025-10-10,11:31:43,-07:00,2025-10-10T11:31:43-07:00,1,8
style.css,221,css,458453d1,rinconjm,2025-10-10,11:31:43,-07:00,2025-10-10T11:31:43-07:00,1,9
style.css,222,css,40ca287c,rinconjm,2025-10-16,18:55:17,-07:00,2025-10-16T18:55:17-07:00,0,0
style.css,223,css,40ca287c,rinconjm,2025-10-16,18:55:17,-07:00,2025-10-16T18:55:17-07:00,0,0
style.css,224,css,6b15def9,rinconjm,2025-10-16,19:09:46,-07:00,2025-10-16T19:09:46-07:00,0,18
style.css,225,css,40ca287c,rinconjm,2025-10-16,18:55:17,-07:00,2025-10-16T18:55:17-07:00,1,17
style.css,226,css,40ca287c,rinconjm,2025-10-16,18:55:17,-07:00,2025-10-16T18:55:17-07:00,1,8
style.css,227,css,40ca287c,rinconjm,2025-10-16,18:55:17,-07:00,2025-10-16T18:55:17-07:00,1,10
style.css,228,css,40ca287c,rinconjm,2025-10-16,18:55:17,-07:00,2025-10-16T18:55:17-07:00,1,13
style.css,229,css,40ca287c,rinconjm,2025-10-16,18:55:17,-07:00,2025-10-16T18:55:17-07:00,1,19
style.css,230,css,00cb4675,rinconjm,2025-10-24,13:35:58,-07:00,2025-10-24T13:35:58-07:00,0,0
style.css,231,css,00cb4675,rinconjm,2025-10-24,13:35:58,-07:00,2025-10-24T13:35:58-07:00,0,0
style.css,232,css,00cb4675,rinconjm,2025-10-24,13:35:58,-07:00,2025-10-24T13:35:58-07:00,0,37
style.css,233,css,00cb4675,rinconjm,2025-10-24,13:35:58,-07:00,2025-10-24T13:35:58-07:00,1,9
style.css,234,css,00cb4675,rinconjm,2025-10-24,13:35:58,-07:00,2025-10-24T13:35:58-07:00,1,13
style.css,235,css,00cb4675,rinconjm,2025-10-24,13:35:58,-07:00,2025-10-24T13:35:58-07:00,0,0
style.css,236,css,00cb4675,rinconjm,2025-10-24,13:35:58,-07:00,2025-10-24T13:35:58-07:00,0,39
style.css,237,css,00cb4675,rinconjm,2025-10-24,13:35:58,-07:00,2025-10-24T13:35:58-07:00,1,12
style.css,238,css,00cb4675,rinconjm,2025-10-24,13:35:58,-07:00,2025-10-24T13:35:58-07:00,1,36
style.css,239,css,00cb4675,rinconjm,2025-10-24,13:35:58,-07:00,2025-10-24T13:35:58-07:00,1,10
style.css,240,css,00cb4675,rinconjm,2025-10-24,13:35:58,-07:00,2025-10-24T13:35:58-07:00,0,0
style.css,241,css,00cb4675,rinconjm,2025-10-24,13:35:58,-07:00,2025-10-24T13:35:58-07:00,0,0
style.css,242,css,00cb4675,rinconjm,2025-10-24,13:35:58,-07:00,2025-10-24T13:35:58-07:00,0,39
style.css,243,css,00cb4675,rinconjm,2025-10-24,13:35:58,-07:00,2025-10-24T13:35:58-07:00,1,10
style.css,244,css,00cb4675,rinconjm,2025-10-24,13:35:58,-07:00,2025-10-24T13:35:58-07:00,0,0
style.css,245,css,00cb4675,rinconjm,2025-10-24,13:35:58,-07:00,2025-10-24T13:35:58-07:00,0,0
style.css,246,css,00cb4675,rinconjm,2025-10-24,13:35:58,-07:00,2025-10-24T13:35:58-07:00,0,39
style.css,247,css,00cb4675,rinconjm,2025-10-24,13:35:58,-07:00,2025-10-24T13:35:58-07:00,1,10
style.css,248,css,78686084,rinconjm,2025-09-30,17:00:46,-07:00,2025-09-30T17:00:46-07:00,0,0
index.js,1,js,77850ff1,rinconjm,2025-10-24,13:30:33,-07:00,2025-10-24T13:30:33-07:00,0,70
index.js,2,js,77850ff1,rinconjm,2025-10-24,13:30:33,-07:00,2025-10-24T13:30:33-07:00,0,0
index.js,3,js,77850ff1,rinconjm,2025-10-24,13:30:33,-07:00,2025-10-24T13:30:33-07:00,0,50
index.js,4,js,77850ff1,rinconjm,2025-10-24,13:30:33,-07:00,2025-10-24T13:30:33-07:00,0,54
index.js,5,js,77850ff1,rinconjm,2025-10-24,13:30:33,-07:00,2025-10-24T13:30:33-07:00,0,40
index.js,6,js,77850ff1,rinconjm,2025-10-24,13:30:33,-07:00,2025-10-24T13:30:33-07:00,0,0
index.js,7,js,77850ff1,rinconjm,2025-10-24,13:30:33,-07:00,2025-10-24T13:30:33-07:00,0,60
index.js,8,js,77850ff1,rinconjm,2025-10-24,13:30:33,-07:00,2025-10-24T13:30:33-07:00,0,0
index.js,9,js,77850ff1,rinconjm,2025-10-24,13:30:33,-07:00,2025-10-24T13:30:33-07:00,0,23
index.js,10,js,77850ff1,rinconjm,2025-10-24,13:30:33,-07:00,2025-10-24T13:30:33-07:00,2,44
index.js,11,js,77850ff1,rinconjm,2025-10-24,13:30:33,-07:00,2025-10-24T13:30:33-07:00,0,6
index.js,12,js,77850ff1,rinconjm,2025-10-24,13:30:33,-07:00,2025-10-24T13:30:33-07:00,2,54
index.js,13,js,77850ff1,rinconjm,2025-10-24,13:30:33,-07:00,2025-10-24T13:30:33-07:00,0,0
index.js,14,js,77850ff1,rinconjm,2025-10-24,13:30:33,-07:00,2025-10-24T13:30:33-07:00,0,0
index.js,15,js,77850ff1,rinconjm,2025-10-24,13:30:33,-07:00,2025-10-24T13:30:33-07:00,0,51
index.js,16,js,77850ff1,rinconjm,2025-10-24,13:30:33,-07:00,2025-10-24T13:30:33-07:00,0,60
index.js,17,js,77850ff1,rinconjm,2025-10-24,13:30:33,-07:00,2025-10-24T13:30:33-07:00,0,0
index.js,18,js,77850ff1,rinconjm,2025-10-24,13:30:33,-07:00,2025-10-24T13:30:33-07:00,0,17
index.js,19,js,77850ff1,rinconjm,2025-10-24,13:30:33,-07:00,2025-10-24T13:30:33-07:00,1,24
index.js,20,js,77850ff1,rinconjm,2025-10-24,13:30:33,-07:00,2025-10-24T13:30:33-07:00,4,2
index.js,21,js,77850ff1,rinconjm,2025-10-24,13:30:33,-07:00,2025-10-24T13:30:33-07:00,5,55
index.js,22,js,77850ff1,rinconjm,2025-10-24,13:30:33,-07:00,2025-10-24T13:30:33-07:00,5,55
index.js,23,js,77850ff1,rinconjm,2025-10-24,13:30:33,-07:00,2025-10-24T13:30:33-07:00,5,49
index.js,24,js,77850ff1,rinconjm,2025-10-24,13:30:33,-07:00,2025-10-24T13:30:33-07:00,5,49
index.js,25,js,77850ff1,rinconjm,2025-10-24,13:30:33,-07:00,2025-10-24T13:30:33-07:00,4,3
index.js,26,js,77850ff1,rinconjm,2025-10-24,13:30:33,-07:00,2025-10-24T13:30:33-07:00,2,0
index.js,27,js,77850ff1,rinconjm,2025-10-24,13:30:33,-07:00,2025-10-24T13:30:33-07:00,0,0
index.html,1,html,f6757e52,rinconjm,2025-09-28,14:52:14,-07:00,2025-09-28T14:52:14-07:00,0,13
index.html,2,html,f6757e52,rinconjm,2025-09-28,14:52:14,-07:00,2025-09-28T14:52:14-07:00,0,14
index.html,3,html,f6757e52,rinconjm,2025-09-28,14:52:14,-07:00,2025-09-28T14:52:14-07:00,0,4
index.html,4,html,f6757e52,rinconjm,2025-09-28,14:52:14,-07:00,2025-09-28T14:52:14-07:00,2,20
index.html,5,html,f6757e52,rinconjm,2025-09-28,14:52:14,-07:00,2025-09-28T14:52:14-07:00,2,68
index.html,6,html,f6757e52,rinconjm,2025-09-28,14:52:14,-07:00,2025-09-28T14:52:14-07:00,2,55
index.html,7,html,78686084,rinconjm,2025-09-30,17:00:46,-07:00,2025-09-30T17:00:46-07:00,2,40
index.html,8,html,8125f6ce,rinconjm,2025-10-24,13:27:47,-07:00,2025-10-24T13:27:47-07:00,2,45
index.html,9,html,8125f6ce,rinconjm,2025-10-24,13:27:47,-07:00,2025-10-24T13:27:47-07:00,2,50
index.html,10,html,f6757e52,rinconjm,2025-09-28,14:52:14,-07:00,2025-09-28T14:52:14-07:00,0,5
index.html,11,html,f6757e52,rinconjm,2025-09-28,14:52:14,-07:00,2025-09-28T14:52:14-07:00,0,4
index.html,12,html,f6757e52,rinconjm,2025-09-28,14:52:14,-07:00,2025-09-28T14:52:14-07:00,2,20
index.html,13,html,3c97578b,rinconjm,2025-10-03,12:48:52,-07:00,2025-10-03T12:48:52-07:00,2,68
index.html,14,html,3c97578b,rinconjm,2025-10-03,12:48:52,-07:00,2025-10-03T12:48:52-07:00,4,61
index.html,15,html,3c97578b,rinconjm,2025-10-03,12:48:52,-07:00,2025-10-03T12:48:52-07:00,4,69
index.html,16,html,3c97578b,rinconjm,2025-10-03,12:48:52,-07:00,2025-10-03T12:48:52-07:00,4,20
index.html,17,html,78686084,rinconjm,2025-09-30,17:00:46,-07:00,2025-09-30T17:00:46-07:00,2,58
index.html,18,html,8125f6ce,rinconjm,2025-10-24,13:27:47,-07:00,2025-10-24T13:27:47-07:00,2,0
index.html,19,html,8125f6ce,rinconjm,2025-10-24,13:27:47,-07:00,2025-10-24T13:27:47-07:00,2,22
index.html,20,html,8125f6ce,rinconjm,2025-10-24,13:27:47,-07:00,2025-10-24T13:27:47-07:00,2,20
index.html,21,html,8125f6ce,rinconjm,2025-10-24,13:27:47,-07:00,2025-10-24T13:27:47-07:00,2,49
index.html,22,html,8125f6ce,rinconjm,2025-10-24,13:27:47,-07:00,2025-10-24T13:27:47-07:00,2,4
index.html,23,html,8125f6ce,rinconjm,2025-10-24,13:27:47,-07:00,2025-10-24T13:27:47-07:00,2,22
index.html,24,html,8125f6ce,rinconjm,2025-10-24,13:27:47,-07:00,2025-10-24T13:27:47-07:00,2,45
index.html,25,html,f6757e52,rinconjm,2025-09-28,14:52:14,-07:00,2025-09-28T14:52:14-07:00,0,5
index.html,26,html,f6757e52,rinconjm,2025-09-28,14:52:14,-07:00,2025-09-28T14:52:14-07:00,0,5
global.js,1,js,40ca287c,rinconjm,2025-10-16,18:55:17,-07:00,2025-10-16T18:55:17-07:00,0,25
global.js,2,js,40ca287c,rinconjm,2025-10-16,18:55:17,-07:00,2025-10-16T18:55:17-07:00,0,0
global.js,3,js,40ca287c,rinconjm,2025-10-16,18:55:17,-07:00,2025-10-16T18:55:17-07:00,0,30
global.js,4,js,40ca287c,rinconjm,2025-10-16,18:55:17,-07:00,2025-10-16T18:55:17-07:00,0,41
global.js,5,js,c30c5492,rinconjm,2025-10-24,13:37:47,-07:00,2025-10-24T13:37:47-07:00,2,52
global.js,6,js,40ca287c,rinconjm,2025-10-16,18:55:17,-07:00,2025-10-16T18:55:17-07:00,0,0
global.js,7,js,40ca287c,rinconjm,2025-10-16,18:55:17,-07:00,2025-10-16T18:55:17-07:00,0,0
global.js,8,js,40ca287c,rinconjm,2025-10-16,18:55:17,-07:00,2025-10-16T18:55:17-07:00,0,27
global.js,9,js,40ca287c,rinconjm,2025-10-16,18:55:17,-07:00,2025-10-16T18:55:17-07:00,0,0
global.js,10,js,40ca287c,rinconjm,2025-10-16,18:55:17,-07:00,2025-10-16T18:55:17-07:00,0,30
global.js,11,js,40ca287c,rinconjm,2025-10-16,18:55:17,-07:00,2025-10-16T18:55:17-07:00,2,66
global.js,12,js,40ca287c,rinconjm,2025-10-16,18:55:17,-07:00,2025-10-16T18:55:17-07:00,0,0
global.js,13,js,40ca287c,rinconjm,2025-10-16,18:55:17,-07:00,2025-10-16T18:55:17-07:00,0,0
global.js,14,js,40ca287c,rinconjm,2025-10-16,18:55:17,-07:00,2025-10-16T18:55:17-07:00,0,16
global.js,15,js,40ca287c,rinconjm,2025-10-16,18:55:17,-07:00,2025-10-16T18:55:17-07:00,2,34
global.js,16,js,40ca287c,rinconjm,2025-10-16,18:55:17,-07:00,2025-10-16T18:55:17-07:00,2,36
global.js,17,js,40ca287c,rinconjm,2025-10-16,18:55:17,-07:00,2025-10-16T18:55:17-07:00,0,0
global.js,18,js,40ca287c,rinconjm,2025-10-16,18:55:17,-07:00,2025-10-16T18:55:17-07:00,0,0
global.js,19,js,40ca287c,rinconjm,2025-10-16,18:55:17,-07:00,2025-10-16T18:55:17-07:00,0,26
global.js,20,js,40ca287c,rinconjm,2025-10-16,18:55:17,-07:00,2025-10-16T18:55:17-07:00,0,88
global.js,21,js,c30c5492,rinconjm,2025-10-24,13:37:47,-07:00,2025-10-24T13:37:47-07:00,2,38
global.js,22,js,c30c5492,rinconjm,2025-10-24,13:37:47,-07:00,2025-10-24T13:37:47-07:00,2,43
global.js,23,js,40ca287c,rinconjm,2025-10-16,18:55:17,-07:00,2025-10-16T18:55:17-07:00,0,0
global.js,24,js,40ca287c,rinconjm,2025-10-16,18:55:17,-07:00,2025-10-16T18:55:17-07:00,0,11
global.js,25,js,32567ed5,rinconjm,2025-10-24,13:56:06,-07:00,2025-10-24T13:56:06-07:00,2,23
global.js,26,js,32567ed5,rinconjm,2025-10-24,13:56:06,-07:00,2025-10-24T13:56:06-07:00,2,36
global.js,27,js,32567ed5,rinconjm,2025-10-24,13:56:06,-07:00,2025-10-24T13:56:06-07:00,2,32
global.js,28,js,32567ed5,rinconjm,2025-10-24,13:56:06,-07:00,2025-10-24T13:56:06-07:00,2,34
global.js,29,js,00000000,Not Committed Yet,2025-11-05,17:23:56,-08:00,2025-11-05T17:23:56-08:00,2,28
global.js,30,js,32567ed5,rinconjm,2025-10-24,13:56:06,-07:00,2025-10-24T13:56:06-07:00,2,60
global.js,31,js,40ca287c,rinconjm,2025-10-16,18:55:17,-07:00,2025-10-16T18:55:17-07:00,0,0
global.js,32,js,40ca287c,rinconjm,2025-10-16,18:55:17,-07:00,2025-10-16T18:55:17-07:00,0,0
global.js,33,js,40ca287c,rinconjm,2025-10-16,18:55:17,-07:00,2025-10-16T18:55:17-07:00,0,38
global.js,34,js,40ca287c,rinconjm,2025-10-16,18:55:17,-07:00,2025-10-16T18:55:17-07:00,0,25
global.js,35,js,40ca287c,rinconjm,2025-10-16,18:55:17,-07:00,2025-10-16T18:55:17-07:00,0,0
global.js,36,js,40ca287c,rinconjm,2025-10-16,18:55:17,-07:00,2025-10-16T18:55:17-07:00,0,20
global.js,37,js,c6fc3a75,rinconjm,2025-10-17,08:15:17,-07:00,2025-10-17T08:15:17-07:00,2,25
global.js,38,js,c6fc3a75,rinconjm,2025-10-17,08:15:17,-07:00,2025-10-17T08:15:17-07:00,2,29
global.js,39,js,c6fc3a75,rinconjm,2025-10-17,08:15:17,-07:00,2025-10-17T08:15:17-07:00,2,62
global.js,40,js,40ca287c,rinconjm,2025-10-16,18:55:17,-07:00,2025-10-16T18:55:17-07:00,2,18
global.js,41,js,c30c5492,rinconjm,2025-10-24,13:37:47,-07:00,2025-10-24T13:37:47-07:00,0,0
global.js,42,js,c6fc3a75,rinconjm,2025-10-17,08:15:17,-07:00,2025-10-17T08:15:17-07:00,2,23
global.js,43,js,40ca287c,rinconjm,2025-10-16,18:55:17,-07:00,2025-10-16T18:55:17-07:00,2,34
global.js,44,js,c6fc3a75,rinconjm,2025-10-17,08:15:17,-07:00,2025-10-17T08:15:17-07:00,2,37
global.js,45,js,c6fc3a75,rinconjm,2025-10-17,08:15:17,-07:00,2025-10-17T08:15:17-07:00,2,11
global.js,46,js,c6fc3a75,rinconjm,2025-10-17,08:15:17,-07:00,2025-10-17T08:15:17-07:00,2,37
global.js,47,js,40ca287c,rinconjm,2025-10-16,18:55:17,-07:00,2025-10-16T18:55:17-07:00,2,20
global.js,48,js,c6fc3a75,rinconjm,2025-10-17,08:15:17,-07:00,2025-10-17T08:15:17-07:00,2,17
global.js,49,js,40ca287c,rinconjm,2025-10-16,18:55:17,-07:00,2025-10-16T18:55:17-07:00,2,12
global.js,50,js,40ca287c,rinconjm,2025-10-16,18:55:17,-07:00,2025-10-16T18:55:17-07:00,0,0
global.js,51,js,40ca287c,rinconjm,2025-10-16,18:55:17,-07:00,2025-10-16T18:55:17-07:00,2,65
global.js,52,js,40ca287c,rinconjm,2025-10-16,18:55:17,-07:00,2025-10-16T18:55:17-07:00,4,25
global.js,53,js,40ca287c,rinconjm,2025-10-16,18:55:17,-07:00,2025-10-16T18:55:17-07:00,2,0
global.js,54,js,40ca287c,rinconjm,2025-10-16,18:55:17,-07:00,2025-10-16T18:55:17-07:00,2,65
global.js,55,js,c30c5492,rinconjm,2025-10-24,13:37:47,-07:00,2025-10-24T13:37:47-07:00,4,18
global.js,56,js,40ca287c,rinconjm,2025-10-16,18:55:17,-07:00,2025-10-16T18:55:17-07:00,2,0
global.js,57,js,40ca287c,rinconjm,2025-10-16,18:55:17,-07:00,2025-10-16T18:55:17-07:00,0,0
global.js,58,js,40ca287c,rinconjm,2025-10-16,18:55:17,-07:00,2025-10-16T18:55:17-07:00,0,0
global.js,59,js,40ca287c,rinconjm,2025-10-16,18:55:17,-07:00,2025-10-16T18:55:17-07:00,0,31
global.js,60,js,c30c5492,rinconjm,2025-10-24,13:37:47,-07:00,2025-10-24T13:37:47-07:00,2,11
global.js,61,js,c30c5492,rinconjm,2025-10-24,13:37:47,-07:00,2025-10-24T13:37:47-07:00,2,0
global.js,62,js,40ca287c,rinconjm,2025-10-16,18:55:17,-07:00,2025-10-16T18:55:17-07:00,0,26
global.js,63,js,40ca287c,rinconjm,2025-10-16,18:55:17,-07:00,2025-10-16T18:55:17-07:00,0,4
global.js,64,js,40ca287c,rinconjm,2025-10-16,18:55:17,-07:00,2025-10-16T18:55:17-07:00,0,6
global.js,65,js,40ca287c,rinconjm,2025-10-16,18:55:17,-07:00,2025-10-16T18:55:17-07:00,0,43
global.js,66,js,40ca287c,rinconjm,2025-10-16,18:55:17,-07:00,2025-10-16T18:55:17-07:00,6,34
global.js,67,js,40ca287c,rinconjm,2025-10-16,18:55:17,-07:00,2025-10-16T18:55:17-07:00,6,32
global.js,68,js,40ca287c,rinconjm,2025-10-16,18:55:17,-07:00,2025-10-16T18:55:17-07:00,0,7
global.js,69,js,40ca287c,rinconjm,2025-10-16,18:55:17,-07:00,2025-10-16T18:55:17-07:00,0,6
global.js,70,js,40ca287c,rinconjm,2025-10-16,18:55:17,-07:00,2025-10-16T18:55:17-07:00,2,0
global.js,71,js,40ca287c,rinconjm,2025-10-16,18:55:17,-07:00,2025-10-16T18:55:17-07:00,0,0
global.js,72,js,40ca287c,rinconjm,2025-10-16,18:55:17,-07:00,2025-10-16T18:55:17-07:00,0,0
global.js,73,js,40ca287c,rinconjm,2025-10-16,18:55:17,-07:00,2025-10-16T18:55:17-07:00,0,60
global.js,74,js,40ca287c,rinconjm,2025-10-16,18:55:17,-07:00,2025-10-16T18:55:17-07:00,0,0
global.js,75,js,40ca287c,rinconjm,2025-10-16,18:55:17,-07:00,2025-10-16T18:55:17-07:00,0,34
global.js,76,js,40ca287c,rinconjm,2025-10-16,18:55:17,-07:00,2025-10-16T18:55:17-07:00,2,83
global.js,77,js,40ca287c,rinconjm,2025-10-16,18:55:17,-07:00,2025-10-16T18:55:17-07:00,2,38
global.js,78,js,40ca287c,rinconjm,2025-10-16,18:55:17,-07:00,2025-10-16T18:55:17-07:00,0,0
global.js,79,js,40ca287c,rinconjm,2025-10-16,18:55:17,-07:00,2025-10-16T18:55:17-07:00,0,0
global.js,80,js,40ca287c,rinconjm,2025-10-16,18:55:17,-07:00,2025-10-16T18:55:17-07:00,0,49
global.js,81,js,40ca287c,rinconjm,2025-10-16,18:55:17,-07:00,2025-10-16T18:55:17-07:00,2,77
global.js,82,js,40ca287c,rinconjm,2025-10-16,18:55:17,-07:00,2025-10-16T18:55:17-07:00,2,44
global.js,83,js,40ca287c,rinconjm,2025-10-16,18:55:17,-07:00,2025-10-16T18:55:17-07:00,2,57
global.js,84,js,40ca287c,rinconjm,2025-10-16,18:55:17,-07:00,2025-10-16T18:55:17-07:00,0,1
global.js,85,js,40ca287c,rinconjm,2025-10-16,18:55:17,-07:00,2025-10-16T18:55:17-07:00,0,0
global.js,86,js,40ca287c,rinconjm,2025-10-16,18:55:17,-07:00,2025-10-16T18:55:17-07:00,0,42
global.js,87,js,40ca287c,rinconjm,2025-10-16,18:55:17,-07:00,2025-10-16T18:55:17-07:00,0,0
global.js,88,js,7e391c59,rinconjm,2025-10-31,12:30:54,-07:00,2025-10-31T12:30:54-07:00,0,48
global.js,89,js,40ca287c,rinconjm,2025-10-16,18:55:17,-07:00,2025-10-16T18:55:17-07:00,2,21
global.js,90,js,40ca287c,rinconjm,2025-10-16,18:55:17,-07:00,2025-10-16T18:55:17-07:00,0,0
global.js,91,js,40ca287c,rinconjm,2025-10-16,18:55:17,-07:00,2025-10-16T18:55:17-07:00,2,30
global.js,92,js,40ca287c,rinconjm,2025-10-16,18:55:17,-07:00,2025-10-16T18:55:17-07:00,2,43
global.js,93,js,40ca287c,rinconjm,2025-10-16,18:55:17,-07:00,2025-10-16T18:55:17-07:00,0,0
global.js,94,js,40ca287c,rinconjm,2025-10-16,18:55:17,-07:00,2025-10-16T18:55:17-07:00,2,31
global.js,95,js,40ca287c,rinconjm,2025-10-16,18:55:17,-07:00,2025-10-16T18:55:17-07:00,4,35
global.js,96,js,40ca287c,rinconjm,2025-10-16,18:55:17,-07:00,2025-10-16T18:55:17-07:00,4,23
global.js,97,js,40ca287c,rinconjm,2025-10-16,18:55:17,-07:00,2025-10-16T18:55:17-07:00,2,0
global.js,98,js,40ca287c,rinconjm,2025-10-16,18:55:17,-07:00,2025-10-16T18:55:17-07:00,2,18
global.js,99,js,40ca287c,rinconjm,2025-10-16,18:55:17,-07:00,2025-10-16T18:55:17-07:00,0,1
global.js,100,js,42656531,rinconjm,2025-10-19,14:46:41,-07:00,2025-10-19T14:46:41-07:00,0,0
global.js,101,js,42656531,rinconjm,2025-10-19,14:46:41,-07:00,2025-10-19T14:46:41-07:00,0,36
global.js,102,js,42656531,rinconjm,2025-10-19,14:46:41,-07:00,2025-10-19T14:46:41-07:00,2,3
global.js,103,js,42656531,rinconjm,2025-10-19,14:46:41,-07:00,2025-10-19T14:46:41-07:00,4,39
global.js,104,js,42656531,rinconjm,2025-10-19,14:46:41,-07:00,2025-10-19T14:46:41-07:00,4,32
global.js,105,js,42656531,rinconjm,2025-10-19,14:46:41,-07:00,2025-10-19T14:46:41-07:00,4,17
global.js,106,js,42656531,rinconjm,2025-10-19,14:46:41,-07:00,2025-10-19T14:46:41-07:00,6,66
global.js,107,js,42656531,rinconjm,2025-10-19,14:46:41,-07:00,2025-10-19T14:46:41-07:00,4,0
global.js,108,js,c30c5492,rinconjm,2025-10-24,13:37:47,-07:00,2025-10-24T13:37:47-07:00,4,33
global.js,109,js,c30c5492,rinconjm,2025-10-24,13:37:47,-07:00,2025-10-24T13:37:47-07:00,4,10
global.js,110,js,42656531,rinconjm,2025-10-19,14:46:41,-07:00,2025-10-19T14:46:41-07:00,2,15
global.js,111,js,42656531,rinconjm,2025-10-19,14:46:41,-07:00,2025-10-19T14:46:41-07:00,4,59
global.js,112,js,42656531,rinconjm,2025-10-19,14:46:41,-07:00,2025-10-19T14:46:41-07:00,2,0
global.js,113,js,42656531,rinconjm,2025-10-19,14:46:41,-07:00,2025-10-19T14:46:41-07:00,0,0
global.js,114,js,c30c5492,rinconjm,2025-10-24,13:37:47,-07:00,2025-10-24T13:37:47-07:00,0,0
global.js,115,js,c30c5492,rinconjm,2025-10-24,13:37:47,-07:00,2025-10-24T13:37:47-07:00,0,79
global.js,116,js,c30c5492,rinconjm,2025-10-24,13:37:47,-07:00,2025-10-24T13:37:47-07:00,2,47
global.js,117,js,c30c5492,rinconjm,2025-10-24,13:37:47,-07:00,2025-10-24T13:37:47-07:00,2,47
global.js,118,js,c30c5492,rinconjm,2025-10-24,13:37:47,-07:00,2025-10-24T13:37:47-07:00,4,75
global.js,119,js,c30c5492,rinconjm,2025-10-24,13:37:47,-07:00,2025-10-24T13:37:47-07:00,4,5
global.js,120,js,c30c5492,rinconjm,2025-10-24,13:37:47,-07:00,2025-10-24T13:37:47-07:00,2,0
global.js,121,js,c30c5492,rinconjm,2025-10-24,13:37:47,-07:00,2025-10-24T13:37:47-07:00,2,30
global.js,122,js,c30c5492,rinconjm,2025-10-24,13:37:47,-07:00,2025-10-24T13:37:47-07:00,0,0
global.js,123,js,c30c5492,rinconjm,2025-10-24,13:37:47,-07:00,2025-10-24T13:37:47-07:00,2,28
global.js,124,js,c30c5492,rinconjm,2025-10-24,13:37:47,-07:00,2025-10-24T13:37:47-07:00,2,51
global.js,125,js,c30c5492,rinconjm,2025-10-24,13:37:47,-07:00,2025-10-24T13:37:47-07:00,4,46
global.js,126,js,c30c5492,rinconjm,2025-10-24,13:37:47,-07:00,2025-10-24T13:37:47-07:00,4,35
global.js,127,js,c30c5492,rinconjm,2025-10-24,13:37:47,-07:00,2025-10-24T13:37:47-07:00,4,62
global.js,128,js,c30c5492,rinconjm,2025-10-24,13:37:47,-07:00,2025-10-24T13:37:47-07:00,4,40
global.js,129,js,c30c5492,rinconjm,2025-10-24,13:37:47,-07:00,2025-10-24T13:37:47-07:00,4,5
global.js,130,js,c30c5492,rinconjm,2025-10-24,13:37:47,-07:00,2025-10-24T13:37:47-07:00,2,0
global.js,131,js,c30c5492,rinconjm,2025-10-24,13:37:47,-07:00,2025-10-24T13:37:47-07:00,0,0
global.js,132,js,c30c5492,rinconjm,2025-10-24,13:37:47,-07:00,2025-10-24T13:37:47-07:00,2,28
global.js,133,js,c30c5492,rinconjm,2025-10-24,13:37:47,-07:00,2025-10-24T13:37:47-07:00,2,27
global.js,134,js,c30c5492,rinconjm,2025-10-24,13:37:47,-07:00,2025-10-24T13:37:47-07:00,4,48
global.js,135,js,c30c5492,rinconjm,2025-10-24,13:37:47,-07:00,2025-10-24T13:37:47-07:00,0,0
global.js,136,js,c30c5492,rinconjm,2025-10-24,13:37:47,-07:00,2025-10-24T13:37:47-07:00,4,19
global.js,137,js,c30c5492,rinconjm,2025-10-24,13:37:47,-07:00,2025-10-24T13:37:47-07:00,6,23
global.js,138,js,c30c5492,rinconjm,2025-10-24,13:37:47,-07:00,2025-10-24T13:37:47-07:00,6,49
global.js,139,js,7e391c59,rinconjm,2025-10-31,12:30:54,-07:00,2025-10-31T12:30:54-07:00,6,3
global.js,140,js,7e391c59,rinconjm,2025-10-31,12:30:54,-07:00,2025-10-31T12:30:54-07:00,8,47
global.js,141,js,7e391c59,rinconjm,2025-10-31,12:30:54,-07:00,2025-10-31T12:30:54-07:00,8,5
global.js,142,js,7e391c59,rinconjm,2025-10-31,12:30:54,-07:00,2025-10-31T12:30:54-07:00,6,4
global.js,143,js,7e391c59,rinconjm,2025-10-31,12:30:54,-07:00,2025-10-31T12:30:54-07:00,6,36
global.js,144,js,c30c5492,rinconjm,2025-10-24,13:37:47,-07:00,2025-10-24T13:37:47-07:00,4,0
global.js,145,js,c30c5492,rinconjm,2025-10-24,13:37:47,-07:00,2025-10-24T13:37:47-07:00,0,0
global.js,146,js,c30c5492,rinconjm,2025-10-24,13:37:47,-07:00,2025-10-24T13:37:47-07:00,4,36
global.js,147,js,c30c5492,rinconjm,2025-10-24,13:37:47,-07:00,2025-10-24T13:37:47-07:00,2,0
global.js,148,js,c30c5492,rinconjm,2025-10-24,13:37:47,-07:00,2025-10-24T13:37:47-07:00,0,0
global.js,149,js,c30c5492,rinconjm,2025-10-24,13:37:47,-07:00,2025-10-24T13:37:47-07:00,0,0
global.js,150,js,c30c5492,rinconjm,2025-10-24,13:37:47,-07:00,2025-10-24T13:37:47-07:00,0,47
global.js,151,js,c30c5492,rinconjm,2025-10-24,13:37:47,-07:00,2025-10-24T13:37:47-07:00,1,59
global.js,152,js,7e391c59,rinconjm,2025-10-31,12:30:54,-07:00,2025-10-31T12:30:54-07:00,0,0
resume/index.html,1,html,78686084,rinconjm,2025-09-30,17:00:46,-07:00,2025-09-30T17:00:46-07:00,0,13
resume/index.html,2,html,78686084,rinconjm,2025-09-30,17:00:46,-07:00,2025-09-30T17:00:46-07:00,0,14
resume/index.html,3,html,78686084,rinconjm,2025-09-30,17:00:46,-07:00,2025-09-30T17:00:46-07:00,0,0
resume/index.html,4,html,78686084,rinconjm,2025-09-30,17:00:46,-07:00,2025-09-30T17:00:46-07:00,0,4
resume/index.html,5,html,78686084,rinconjm,2025-09-30,17:00:46,-07:00,2025-09-30T17:00:46-07:00,2,20
resume/index.html,6,html,78686084,rinconjm,2025-09-30,17:00:46,-07:00,2025-09-30T17:00:46-07:00,2,68
resume/index.html,7,html,78686084,rinconjm,2025-09-30,17:00:46,-07:00,2025-09-30T17:00:46-07:00,2,19
resume/index.html,8,html,78686084,rinconjm,2025-09-30,17:00:46,-07:00,2025-09-30T17:00:46-07:00,2,43
resume/index.html,9,html,40ca287c,rinconjm,2025-10-16,18:55:17,-07:00,2025-10-16T18:55:17-07:00,2,48
resume/index.html,10,html,78686084,rinconjm,2025-09-30,17:00:46,-07:00,2025-09-30T17:00:46-07:00,0,5
resume/index.html,11,html,78686084,rinconjm,2025-09-30,17:00:46,-07:00,2025-09-30T17:00:46-07:00,0,0
resume/index.html,12,html,78686084,rinconjm,2025-09-30,17:00:46,-07:00,2025-09-30T17:00:46-07:00,0,4
resume/index.html,13,html,458453d1,rinconjm,2025-10-10,11:31:43,-07:00,2025-10-10T11:31:43-07:00,2,7
resume/index.html,14,html,78686084,rinconjm,2025-09-30,17:00:46,-07:00,2025-09-30T17:00:46-07:00,4,20
resume/index.html,15,html,458453d1,rinconjm,2025-10-10,11:31:43,-07:00,2025-10-10T11:31:43-07:00,4,24
resume/index.html,16,html,78686084,rinconjm,2025-09-30,17:00:46,-07:00,2025-09-30T17:00:46-07:00,6,70
resume/index.html,17,html,458453d1,rinconjm,2025-10-10,11:31:43,-07:00,2025-10-10T11:31:43-07:00,6,6
resume/index.html,18,html,78686084,rinconjm,2025-09-30,17:00:46,-07:00,2025-09-30T17:00:46-07:00,6,41
resume/index.html,19,html,458453d1,rinconjm,2025-10-10,11:31:43,-07:00,2025-10-10T11:31:43-07:00,6,6
resume/index.html,20,html,78686084,rinconjm,2025-09-30,17:00:46,-07:00,2025-09-30T17:00:46-07:00,6,18
resume/index.html,21,html,458453d1,rinconjm,2025-10-10,11:31:43,-07:00,2025-10-10T11:31:43-07:00,4,4
resume/index.html,22,html,458453d1,rinconjm,2025-10-10,11:31:43,-07:00,2025-10-10T11:31:43-07:00,2,8
resume/index.html,23,html,78686084,rinconjm,2025-09-30,17:00:46,-07:00,2025-09-30T17:00:46-07:00,2,10
resume/index.html,24,html,78686084,rinconjm,2025-09-30,17:00:46,-07:00,2025-09-30T17:00:46-07:00,4,22
resume/index.html,25,html,78686084,rinconjm,2025-09-30,17:00:46,-07:00,2025-09-30T17:00:46-07:00,0,0
resume/index.html,26,html,78686084,rinconjm,2025-09-30,17:00:46,-07:00,2025-09-30T17:00:46-07:00,4,4
resume/index.html,27,html,78686084,rinconjm,2025-09-30,17:00:46,-07:00,2025-09-30T17:00:46-07:00,6,26
resume/index.html,28,html,78686084,rinconjm,2025-09-30,17:00:46,-07:00,2025-09-30T17:00:46-07:00,6,66
resume/index.html,29,html,78686084,rinconjm,2025-09-30,17:00:46,-07:00,2025-09-30T17:00:46-07:00,4,5
resume/index.html,30,html,78686084,rinconjm,2025-09-30,17:00:46,-07:00,2025-09-30T17:00:46-07:00,4,4
resume/index.html,31,html,78686084,rinconjm,2025-09-30,17:00:46,-07:00,2025-09-30T17:00:46-07:00,6,26
resume/index.html,32,html,78686084,rinconjm,2025-09-30,17:00:46,-07:00,2025-09-30T17:00:46-07:00,6,26
resume/index.html,33,html,78686084,rinconjm,2025-09-30,17:00:46,-07:00,2025-09-30T17:00:46-07:00,4,5
resume/index.html,34,html,78686084,rinconjm,2025-09-30,17:00:46,-07:00,2025-09-30T17:00:46-07:00,4,2
resume/index.html,35,html,78686084,rinconjm,2025-09-30,17:00:46,-07:00,2025-09-30T17:00:46-07:00,6,103
resume/index.html,36,html,78686084,rinconjm,2025-09-30,17:00:46,-07:00,2025-09-30T17:00:46-07:00,8,15
resume/index.html,37,html,78686084,rinconjm,2025-09-30,17:00:46,-07:00,2025-09-30T17:00:46-07:00,8,53
resume/index.html,38,html,78686084,rinconjm,2025-09-30,17:00:46,-07:00,2025-09-30T17:00:46-07:00,6,105
resume/index.html,39,html,78686084,rinconjm,2025-09-30,17:00:46,-07:00,2025-09-30T17:00:46-07:00,8,17
resume/index.html,40,html,78686084,rinconjm,2025-09-30,17:00:46,-07:00,2025-09-30T17:00:46-07:00,8,11
resume/index.html,41,html,78686084,rinconjm,2025-09-30,17:00:46,-07:00,2025-09-30T17:00:46-07:00,6,106
resume/index.html,42,html,78686084,rinconjm,2025-09-30,17:00:46,-07:00,2025-09-30T17:00:46-07:00,8,16
resume/index.html,43,html,78686084,rinconjm,2025-09-30,17:00:46,-07:00,2025-09-30T17:00:46-07:00,8,26
resume/index.html,44,html,78686084,rinconjm,2025-09-30,17:00:46,-07:00,2025-09-30T17:00:46-07:00,4,3
resume/index.html,45,html,78686084,rinconjm,2025-09-30,17:00:46,-07:00,2025-09-30T17:00:46-07:00,0,0
resume/index.html,46,html,78686084,rinconjm,2025-09-30,17:00:46,-07:00,2025-09-30T17:00:46-07:00,4,4
resume/index.html,47,html,78686084,rinconjm,2025-09-30,17:00:46,-07:00,2025-09-30T17:00:46-07:00,6,78
resume/index.html,48,html,78686084,rinconjm,2025-09-30,17:00:46,-07:00,2025-09-30T17:00:46-07:00,6,4
resume/index.html,49,html,78686084,rinconjm,2025-09-30,17:00:46,-07:00,2025-09-30T17:00:46-07:00,8,89
resume/index.html,50,html,78686084,rinconjm,2025-09-30,17:00:46,-07:00,2025-09-30T17:00:46-07:00,6,6
resume/index.html,51,html,78686084,rinconjm,2025-09-30,17:00:46,-07:00,2025-09-30T17:00:46-07:00,4,5
resume/index.html,52,html,78686084,rinconjm,2025-09-30,17:00:46,-07:00,2025-09-30T17:00:46-07:00,4,4
resume/index.html,53,html,78686084,rinconjm,2025-09-30,17:00:46,-07:00,2025-09-30T17:00:46-07:00,6,29
resume/index.html,54,html,78686084,rinconjm,2025-09-30,17:00:46,-07:00,2025-09-30T17:00:46-07:00,6,28
resume/index.html,55,html,78686084,rinconjm,2025-09-30,17:00:46,-07:00,2025-09-30T17:00:46-07:00,4,5
resume/index.html,56,html,78686084,rinconjm,2025-09-30,17:00:46,-07:00,2025-09-30T17:00:46-07:00,4,2
resume/index.html,57,html,78686084,rinconjm,2025-09-30,17:00:46,-07:00,2025-09-30T17:00:46-07:00,6,101
resume/index.html,58,html,78686084,rinconjm,2025-09-30,17:00:46,-07:00,2025-09-30T17:00:46-07:00,8,30
resume/index.html,59,html,78686084,rinconjm,2025-09-30,17:00:46,-07:00,2025-09-30T17:00:46-07:00,6,102
resume/index.html,60,html,78686084,rinconjm,2025-09-30,17:00:46,-07:00,2025-09-30T17:00:46-07:00,8,11
resume/index.html,61,html,78686084,rinconjm,2025-09-30,17:00:46,-07:00,2025-09-30T17:00:46-07:00,4,3
resume/index.html,62,html,78686084,rinconjm,2025-09-30,17:00:46,-07:00,2025-09-30T17:00:46-07:00,0,0
resume/index.html,63,html,78686084,rinconjm,2025-09-30,17:00:46,-07:00,2025-09-30T17:00:46-07:00,2,11
resume/index.html,64,html,78686084,rinconjm,2025-09-30,17:00:46,-07:00,2025-09-30T17:00:46-07:00,2,9
resume/index.html,65,html,78686084,rinconjm,2025-09-30,17:00:46,-07:00,2025-09-30T17:00:46-07:00,4,16
resume/index.html,66,html,78686084,rinconjm,2025-09-30,17:00:46,-07:00,2025-09-30T17:00:46-07:00,4,4
resume/index.html,67,html,78686084,rinconjm,2025-09-30,17:00:46,-07:00,2025-09-30T17:00:46-07:00,6,47
resume/index.html,68,html,78686084,rinconjm,2025-09-30,17:00:46,-07:00,2025-09-30T17:00:46-07:00,6,21
resume/index.html,69,html,78686084,rinconjm,2025-09-30,17:00:46,-07:00,2025-09-30T17:00:46-07:00,4,5
resume/index.html,70,html,78686084,rinconjm,2025-09-30,17:00:46,-07:00,2025-09-30T17:00:46-07:00,4,4
resume/index.html,71,html,78686084,rinconjm,2025-09-30,17:00:46,-07:00,2025-09-30T17:00:46-07:00,6,30
resume/index.html,72,html,78686084,rinconjm,2025-09-30,17:00:46,-07:00,2025-09-30T17:00:46-07:00,6,24
resume/index.html,73,html,78686084,rinconjm,2025-09-30,17:00:46,-07:00,2025-09-30T17:00:46-07:00,4,5
resume/index.html,74,html,78686084,rinconjm,2025-09-30,17:00:46,-07:00,2025-09-30T17:00:46-07:00,0,0
resume/index.html,75,html,78686084,rinconjm,2025-09-30,17:00:46,-07:00,2025-09-30T17:00:46-07:00,2,10
resume/index.html,76,html,78686084,rinconjm,2025-09-30,17:00:46,-07:00,2025-09-30T17:00:46-07:00,2,6
resume/index.html,77,html,78686084,rinconjm,2025-09-30,17:00:46,-07:00,2025-09-30T17:00:46-07:00,4,13
resume/index.html,78,html,78686084,rinconjm,2025-09-30,17:00:46,-07:00,2025-09-30T17:00:46-07:00,4,2
resume/index.html,79,html,78686084,rinconjm,2025-09-30,17:00:46,-07:00,2025-09-30T17:00:46-07:00,6,2
resume/index.html,80,html,78686084,rinconjm,2025-09-30,17:00:46,-07:00,2025-09-30T17:00:46-07:00,8,114
resume/index.html,81,html,78686084,rinconjm,2025-09-30,17:00:46,-07:00,2025-09-30T17:00:46-07:00,8,58
resume/index.html,82,html,78686084,rinconjm,2025-09-30,17:00:46,-07:00,2025-09-30T17:00:46-07:00,0,0
resume/index.html,83,html,78686084,rinconjm,2025-09-30,17:00:46,-07:00,2025-09-30T17:00:46-07:00,6,3
resume/index.html,84,html,78686084,rinconjm,2025-09-30,17:00:46,-07:00,2025-09-30T17:00:46-07:00,4,3
resume/index.html,85,html,78686084,rinconjm,2025-09-30,17:00:46,-07:00,2025-09-30T17:00:46-07:00,2,7
resume/index.html,86,html,78686084,rinconjm,2025-09-30,17:00:46,-07:00,2025-09-30T17:00:46-07:00,0,0
resume/index.html,87,html,78686084,rinconjm,2025-09-30,17:00:46,-07:00,2025-09-30T17:00:46-07:00,0,5
resume/index.html,88,html,78686084,rinconjm,2025-09-30,17:00:46,-07:00,2025-09-30T17:00:46-07:00,0,0
resume/index.html,89,html,78686084,rinconjm,2025-09-30,17:00:46,-07:00,2025-09-30T17:00:46-07:00,0,5
projects/projects.js,1,js,223d4cf6,rinconjm,2025-10-24,13:29:27,-07:00,2025-10-24T13:29:27-07:00,0,55
projects/projects.js,2,js,9050c24e,rinconjm,2025-10-31,12:28:36,-07:00,2025-10-31T12:28:36-07:00,0,63
projects/projects.js,3,js,223d4cf6,rinconjm,2025-10-24,13:29:27,-07:00,2025-10-24T13:29:27-07:00,0,0
projects/projects.js,4,js,223d4cf6,rinconjm,2025-10-24,13:29:27,-07:00,2025-10-24T13:29:27-07:00,0,55
projects/projects.js,5,js,223d4cf6,rinconjm,2025-10-24,13:29:27,-07:00,2025-10-24T13:29:27-07:00,0,0
projects/projects.js,6,js,223d4cf6,rinconjm,2025-10-24,13:29:27,-07:00,2025-10-24T13:29:27-07:00,0,62
projects/projects.js,7,js,223d4cf6,rinconjm,2025-10-24,13:29:27,-07:00,2025-10-24T13:29:27-07:00,0,44
projects/projects.js,8,js,223d4cf6,rinconjm,2025-10-24,13:29:27,-07:00,2025-10-24T13:29:27-07:00,2,54
projects/projects.js,9,js,223d4cf6,rinconjm,2025-10-24,13:29:27,-07:00,2025-10-24T13:29:27-07:00,0,0
projects/projects.js,10,js,223d4cf6,rinconjm,2025-10-24,13:29:27,-07:00,2025-10-24T13:29:27-07:00,0,0
projects/projects.js,11,js,223d4cf6,rinconjm,2025-10-24,13:29:27,-07:00,2025-10-24T13:29:27-07:00,0,43
projects/projects.js,12,js,223d4cf6,rinconjm,2025-10-24,13:29:27,-07:00,2025-10-24T13:29:27-07:00,0,60
projects/projects.js,13,js,223d4cf6,rinconjm,2025-10-24,13:29:27,-07:00,2025-10-24T13:29:27-07:00,0,23
projects/projects.js,14,js,223d4cf6,rinconjm,2025-10-24,13:29:27,-07:00,2025-10-24T13:29:27-07:00,2,44
projects/projects.js,15,js,223d4cf6,rinconjm,2025-10-24,13:29:27,-07:00,2025-10-24T13:29:27-07:00,0,6
projects/projects.js,16,js,223d4cf6,rinconjm,2025-10-24,13:29:27,-07:00,2025-10-24T13:29:27-07:00,2,48
projects/projects.js,17,js,9050c24e,rinconjm,2025-10-31,12:28:36,-07:00,2025-10-31T12:28:36-07:00,0,0
projects/projects.js,18,js,9050c24e,rinconjm,2025-10-31,12:28:36,-07:00,2025-10-31T12:28:36-07:00,0,0
projects/projects.js,19,js,9050c24e,rinconjm,2025-10-31,12:28:36,-07:00,2025-10-31T12:28:36-07:00,0,30
projects/projects.js,20,js,9050c24e,rinconjm,2025-10-31,12:28:36,-07:00,2025-10-31T12:28:36-07:00,0,57
projects/projects.js,21,js,9050c24e,rinconjm,2025-10-31,12:28:36,-07:00,2025-10-31T12:28:36-07:00,0,0
projects/projects.js,22,js,9050c24e,rinconjm,2025-10-31,12:28:36,-07:00,2025-10-31T12:28:36-07:00,0,38
projects/projects.js,23,js,9050c24e,rinconjm,2025-10-31,12:28:36,-07:00,2025-10-31T12:28:36-07:00,2,37
projects/projects.js,24,js,9050c24e,rinconjm,2025-10-31,12:28:36,-07:00,2025-10-31T12:28:36-07:00,2,25
projects/projects.js,25,js,9050c24e,rinconjm,2025-10-31,12:28:36,-07:00,2025-10-31T12:28:36-07:00,2,29
projects/projects.js,26,js,9050c24e,rinconjm,2025-10-31,12:28:36,-07:00,2025-10-31T12:28:36-07:00,0,0
projects/projects.js,27,js,9050c24e,rinconjm,2025-10-31,12:28:36,-07:00,2025-10-31T12:28:36-07:00,2,32
projects/projects.js,28,js,9050c24e,rinconjm,2025-10-31,12:28:36,-07:00,2025-10-31T12:28:36-07:00,2,29
projects/projects.js,29,js,9050c24e,rinconjm,2025-10-31,12:28:36,-07:00,2025-10-31T12:28:36-07:00,0,0
projects/projects.js,30,js,9050c24e,rinconjm,2025-10-31,12:28:36,-07:00,2025-10-31T12:28:36-07:00,2,25
projects/projects.js,31,js,9050c24e,rinconjm,2025-10-31,12:28:36,-07:00,2025-10-31T12:28:36-07:00,2,29
projects/projects.js,32,js,9050c24e,rinconjm,2025-10-31,12:28:36,-07:00,2025-10-31T12:28:36-07:00,4,12
projects/projects.js,33,js,9050c24e,rinconjm,2025-10-31,12:28:36,-07:00,2025-10-31T12:28:36-07:00,4,14
projects/projects.js,34,js,9050c24e,rinconjm,2025-10-31,12:28:36,-07:00,2025-10-31T12:28:36-07:00,4,12
projects/projects.js,35,js,9050c24e,rinconjm,2025-10-31,12:28:36,-07:00,2025-10-31T12:28:36-07:00,2,0
projects/projects.js,36,js,9050c24e,rinconjm,2025-10-31,12:28:36,-07:00,2025-10-31T12:28:36-07:00,0,0
projects/projects.js,37,js,9050c24e,rinconjm,2025-10-31,12:28:36,-07:00,2025-10-31T12:28:36-07:00,2,18
projects/projects.js,38,js,9050c24e,rinconjm,2025-10-31,12:28:36,-07:00,2025-10-31T12:28:36-07:00,2,50
projects/projects.js,39,js,9050c24e,rinconjm,2025-10-31,12:28:36,-07:00,2025-10-31T12:28:36-07:00,4,30
projects/projects.js,40,js,9050c24e,rinconjm,2025-10-31,12:28:36,-07:00,2025-10-31T12:28:36-07:00,2,1
projects/projects.js,41,js,9050c24e,rinconjm,2025-10-31,12:28:36,-07:00,2025-10-31T12:28:36-07:00,0,0
projects/projects.js,42,js,9050c24e,rinconjm,2025-10-31,12:28:36,-07:00,2025-10-31T12:28:36-07:00,2,23
projects/projects.js,43,js,9050c24e,rinconjm,2025-10-31,12:28:36,-07:00,2025-10-31T12:28:36-07:00,0,0
projects/projects.js,44,js,9050c24e,rinconjm,2025-10-31,12:28:36,-07:00,2025-10-31T12:28:36-07:00,2,44
projects/projects.js,45,js,9050c24e,rinconjm,2025-10-31,12:28:36,-07:00,2025-10-31T12:28:36-07:00,2,53
projects/projects.js,46,js,9050c24e,rinconjm,2025-10-31,12:28:36,-07:00,2025-10-31T12:28:36-07:00,2,42
projects/projects.js,47,js,9050c24e,rinconjm,2025-10-31,12:28:36,-07:00,2025-10-31T12:28:36-07:00,2,51
projects/projects.js,48,js,9050c24e,rinconjm,2025-10-31,12:28:36,-07:00,2025-10-31T12:28:36-07:00,0,0
projects/projects.js,49,js,9050c24e,rinconjm,2025-10-31,12:28:36,-07:00,2025-10-31T12:28:36-07:00,2,27
projects/projects.js,50,js,9050c24e,rinconjm,2025-10-31,12:28:36,-07:00,2025-10-31T12:28:36-07:00,2,47
projects/projects.js,51,js,9050c24e,rinconjm,2025-10-31,12:28:36,-07:00,2025-10-31T12:28:36-07:00,0,0
projects/projects.js,52,js,9050c24e,rinconjm,2025-10-31,12:28:36,-07:00,2025-10-31T12:28:36-07:00,2,21
projects/projects.js,53,js,9050c24e,rinconjm,2025-10-31,12:28:36,-07:00,2025-10-31T12:28:36-07:00,2,29
projects/projects.js,54,js,9050c24e,rinconjm,2025-10-31,12:28:36,-07:00,2025-10-31T12:28:36-07:00,0,0
projects/projects.js,55,js,9050c24e,rinconjm,2025-10-31,12:28:36,-07:00,2025-10-31T12:28:36-07:00,2,29
projects/projects.js,56,js,9050c24e,rinconjm,2025-10-31,12:28:36,-07:00,2025-10-31T12:28:36-07:00,4,1
projects/projects.js,57,js,9050c24e,rinconjm,2025-10-31,12:28:36,-07:00,2025-10-31T12:28:36-07:00,4,13
projects/projects.js,58,js,9050c24e,rinconjm,2025-10-31,12:28:36,-07:00,2025-10-31T12:28:36-07:00,4,13
projects/projects.js,59,js,9050c24e,rinconjm,2025-10-31,12:28:36,-07:00,2025-10-31T12:28:36-07:00,4,24
projects/projects.js,60,js,9050c24e,rinconjm,2025-10-31,12:28:36,-07:00,2025-10-31T12:28:36-07:00,4,18
projects/projects.js,61,js,9050c24e,rinconjm,2025-10-31,12:28:36,-07:00,2025-10-31T12:28:36-07:00,6,47
projects/projects.js,62,js,9050c24e,rinconjm,2025-10-31,12:28:36,-07:00,2025-10-31T12:28:36-07:00,0,0
projects/projects.js,63,js,9050c24e,rinconjm,2025-10-31,12:28:36,-07:00,2025-10-31T12:28:36-07:00,6,1
projects/projects.js,64,js,9050c24e,rinconjm,2025-10-31,12:28:36,-07:00,2025-10-31T12:28:36-07:00,6,16
projects/projects.js,65,js,9050c24e,rinconjm,2025-10-31,12:28:36,-07:00,2025-10-31T12:28:36-07:00,6,24
projects/projects.js,66,js,9050c24e,rinconjm,2025-10-31,12:28:36,-07:00,2025-10-31T12:28:36-07:00,8,68
projects/projects.js,67,js,9050c24e,rinconjm,2025-10-31,12:28:36,-07:00,2025-10-31T12:28:36-07:00,8,48
projects/projects.js,68,js,9050c24e,rinconjm,2025-10-31,12:28:36,-07:00,2025-10-31T12:28:36-07:00,0,0
projects/projects.js,69,js,9050c24e,rinconjm,2025-10-31,12:28:36,-07:00,2025-10-31T12:28:36-07:00,6,4
projects/projects.js,70,js,9050c24e,rinconjm,2025-10-31,12:28:36,-07:00,2025-10-31T12:28:36-07:00,6,22
projects/projects.js,71,js,9050c24e,rinconjm,2025-10-31,12:28:36,-07:00,2025-10-31T12:28:36-07:00,6,24
projects/projects.js,72,js,9050c24e,rinconjm,2025-10-31,12:28:36,-07:00,2025-10-31T12:28:36-07:00,8,46
projects/projects.js,73,js,9050c24e,rinconjm,2025-10-31,12:28:36,-07:00,2025-10-31T12:28:36-07:00,6,1
projects/projects.js,74,js,9050c24e,rinconjm,2025-10-31,12:28:36,-07:00,2025-10-31T12:28:36-07:00,0,0
projects/projects.js,75,js,9050c24e,rinconjm,2025-10-31,12:28:36,-07:00,2025-10-31T12:28:36-07:00,6,25
projects/projects.js,76,js,9050c24e,rinconjm,2025-10-31,12:28:36,-07:00,2025-10-31T12:28:36-07:00,8,47
projects/projects.js,77,js,9050c24e,rinconjm,2025-10-31,12:28:36,-07:00,2025-10-31T12:28:36-07:00,6,6
projects/projects.js,78,js,9050c24e,rinconjm,2025-10-31,12:28:36,-07:00,2025-10-31T12:28:36-07:00,8,48
projects/projects.js,79,js,9050c24e,rinconjm,2025-10-31,12:28:36,-07:00,2025-10-31T12:28:36-07:00,8,88
projects/projects.js,80,js,9050c24e,rinconjm,2025-10-31,12:28:36,-07:00,2025-10-31T12:28:36-07:00,8,51
projects/projects.js,81,js,9050c24e,rinconjm,2025-10-31,12:28:36,-07:00,2025-10-31T12:28:36-07:00,10,61
projects/projects.js,82,js,9050c24e,rinconjm,2025-10-31,12:28:36,-07:00,2025-10-31T12:28:36-07:00,10,73
projects/projects.js,83,js,9050c24e,rinconjm,2025-10-31,12:28:36,-07:00,2025-10-31T12:28:36-07:00,8,1
projects/projects.js,84,js,9050c24e,rinconjm,2025-10-31,12:28:36,-07:00,2025-10-31T12:28:36-07:00,8,56
projects/projects.js,85,js,9050c24e,rinconjm,2025-10-31,12:28:36,-07:00,2025-10-31T12:28:36-07:00,6,0
projects/projects.js,86,js,9050c24e,rinconjm,2025-10-31,12:28:36,-07:00,2025-10-31T12:28:36-07:00,0,0
projects/projects.js,87,js,9050c24e,rinconjm,2025-10-31,12:28:36,-07:00,2025-10-31T12:28:36-07:00,4,1
projects/projects.js,88,js,9050c24e,rinconjm,2025-10-31,12:28:36,-07:00,2025-10-31T12:28:36-07:00,2,1
projects/projects.js,89,js,9050c24e,rinconjm,2025-10-31,12:28:36,-07:00,2025-10-31T12:28:36-07:00,0,0
projects/projects.js,90,js,9050c24e,rinconjm,2025-10-31,12:28:36,-07:00,2025-10-31T12:28:36-07:00,2,27
projects/projects.js,91,js,9050c24e,rinconjm,2025-10-31,12:28:36,-07:00,2025-10-31T12:28:36-07:00,4,4
projects/projects.js,92,js,9050c24e,rinconjm,2025-10-31,12:28:36,-07:00,2025-10-31T12:28:36-07:00,4,11
projects/projects.js,93,js,9050c24e,rinconjm,2025-10-31,12:28:36,-07:00,2025-10-31T12:28:36-07:00,4,38
projects/projects.js,94,js,9050c24e,rinconjm,2025-10-31,12:28:36,-07:00,2025-10-31T12:28:36-07:00,4,27
projects/projects.js,95,js,9050c24e,rinconjm,2025-10-31,12:28:36,-07:00,2025-10-31T12:28:36-07:00,4,69
projects/projects.js,96,js,9050c24e,rinconjm,2025-10-31,12:28:36,-07:00,2025-10-31T12:28:36-07:00,2,1
projects/projects.js,97,js,9050c24e,rinconjm,2025-10-31,12:28:36,-07:00,2025-10-31T12:28:36-07:00,0,0
projects/projects.js,98,js,9050c24e,rinconjm,2025-10-31,12:28:36,-07:00,2025-10-31T12:28:36-07:00,0,0
projects/projects.js,99,js,9050c24e,rinconjm,2025-10-31,12:28:36,-07:00,2025-10-31T12:28:36-07:00,0,27
projects/projects.js,100,js,9050c24e,rinconjm,2025-10-31,12:28:36,-07:00,2025-10-31T12:28:36-07:00,0,23
projects/projects.js,101,js,9050c24e,rinconjm,2025-10-31,12:28:36,-07:00,2025-10-31T12:28:36-07:00,0,0
projects/projects.js,102,js,9050c24e,rinconjm,2025-10-31,12:28:36,-07:00,2025-10-31T12:28:36-07:00,0,20
projects/projects.js,103,js,9050c24e,rinconjm,2025-10-31,12:28:36,-07:00,2025-10-31T12:28:36-07:00,0,13
projects/projects.js,104,js,9050c24e,rinconjm,2025-10-31,12:28:36,-07:00,2025-10-31T12:28:36-07:00,0,21
projects/projects.js,105,js,9050c24e,rinconjm,2025-10-31,12:28:36,-07:00,2025-10-31T12:28:36-07:00,0,15
projects/projects.js,106,js,9050c24e,rinconjm,2025-10-31,12:28:36,-07:00,2025-10-31T12:28:36-07:00,0,0
projects/projects.js,107,js,9050c24e,rinconjm,2025-10-31,12:28:36,-07:00,2025-10-31T12:28:36-07:00,0,53
projects/projects.js,108,js,9050c24e,rinconjm,2025-10-31,12:28:36,-07:00,2025-10-31T12:28:36-07:00,0,0
projects/projects.js,109,js,9050c24e,rinconjm,2025-10-31,12:28:36,-07:00,2025-10-31T12:28:36-07:00,0,48
projects/projects.js,110,js,9050c24e,rinconjm,2025-10-31,12:28:36,-07:00,2025-10-31T12:28:36-07:00,2,25
projects/projects.js,111,js,9050c24e,rinconjm,2025-10-31,12:28:36,-07:00,2025-10-31T12:28:36-07:00,2,25
projects/projects.js,112,js,9050c24e,rinconjm,2025-10-31,12:28:36,-07:00,2025-10-31T12:28:36-07:00,0,0
projects/projects.js,113,js,9050c24e,rinconjm,2025-10-31,12:28:36,-07:00,2025-10-31T12:28:36-07:00,2,41
projects/projects.js,114,js,9050c24e,rinconjm,2025-10-31,12:28:36,-07:00,2025-10-31T12:28:36-07:00,2,78
projects/projects.js,115,js,9050c24e,rinconjm,2025-10-31,12:28:36,-07:00,2025-10-31T12:28:36-07:00,0,0
projects/projects.js,116,js,9050c24e,rinconjm,2025-10-31,12:28:36,-07:00,2025-10-31T12:28:36-07:00,2,20
projects/projects.js,117,js,9050c24e,rinconjm,2025-10-31,12:28:36,-07:00,2025-10-31T12:28:36-07:00,2,51
projects/projects.js,118,js,9050c24e,rinconjm,2025-10-31,12:28:36,-07:00,2025-10-31T12:28:36-07:00,4,59
projects/projects.js,119,js,9050c24e,rinconjm,2025-10-31,12:28:36,-07:00,2025-10-31T12:28:36-07:00,4,42
projects/projects.js,120,js,9050c24e,rinconjm,2025-10-31,12:28:36,-07:00,2025-10-31T12:28:36-07:00,4,86
projects/projects.js,121,js,9050c24e,rinconjm,2025-10-31,12:28:36,-07:00,2025-10-31T12:28:36-07:00,4,33
projects/projects.js,122,js,9050c24e,rinconjm,2025-10-31,12:28:36,-07:00,2025-10-31T12:28:36-07:00,2,1
projects/projects.js,123,js,9050c24e,rinconjm,2025-10-31,12:28:36,-07:00,2025-10-31T12:28:36-07:00,0,0
projects/projects.js,124,js,9050c24e,rinconjm,2025-10-31,12:28:36,-07:00,2025-10-31T12:28:36-07:00,2,28
projects/projects.js,125,js,9050c24e,rinconjm,2025-10-31,12:28:36,-07:00,2025-10-31T12:28:36-07:00,2,56
projects/projects.js,126,js,9050c24e,rinconjm,2025-10-31,12:28:36,-07:00,2025-10-31T12:28:36-07:00,2,31
projects/projects.js,127,js,9050c24e,rinconjm,2025-10-31,12:28:36,-07:00,2025-10-31T12:28:36-07:00,0,1
projects/index.html,1,html,78686084,rinconjm,2025-09-30,17:00:46,-07:00,2025-09-30T17:00:46-07:00,0,13
projects/index.html,2,html,78686084,rinconjm,2025-09-30,17:00:46,-07:00,2025-09-30T17:00:46-07:00,0,14
projects/index.html,3,html,78686084,rinconjm,2025-09-30,17:00:46,-07:00,2025-09-30T17:00:46-07:00,0,4
projects/index.html,4,html,78686084,rinconjm,2025-09-30,17:00:46,-07:00,2025-09-30T17:00:46-07:00,2,20
projects/index.html,5,html,78686084,rinconjm,2025-09-30,17:00:46,-07:00,2025-09-30T17:00:46-07:00,2,68
projects/index.html,6,html,78686084,rinconjm,2025-09-30,17:00:46,-07:00,2025-09-30T17:00:46-07:00,2,21
projects/index.html,7,html,78686084,rinconjm,2025-09-30,17:00:46,-07:00,2025-09-30T17:00:46-07:00,2,43
projects/index.html,8,html,39f413fd,rinconjm,2025-10-24,13:34:54,-07:00,2025-10-24T13:34:54-07:00,2,48
projects/index.html,9,html,39f413fd,rinconjm,2025-10-24,13:34:54,-07:00,2025-10-24T13:34:54-07:00,2,47
projects/index.html,10,html,78686084,rinconjm,2025-09-30,17:00:46,-07:00,2025-09-30T17:00:46-07:00,0,5
projects/index.html,11,html,78686084,rinconjm,2025-09-30,17:00:46,-07:00,2025-09-30T17:00:46-07:00,0,4
projects/index.html,12,html,39f413fd,rinconjm,2025-10-24,13:34:54,-07:00,2025-10-24T13:34:54-07:00,2,38
projects/index.html,13,html,7e391c59,rinconjm,2025-10-31,12:30:54,-07:00,2025-10-31T12:30:54-07:00,0,0
projects/index.html,14,html,7e391c59,rinconjm,2025-10-31,12:30:54,-07:00,2025-10-31T12:30:54-07:00,2,21
projects/index.html,15,html,7e391c59,rinconjm,2025-10-31,12:30:54,-07:00,2025-10-31T12:30:54-07:00,4,59
projects/index.html,16,html,7e391c59,rinconjm,2025-10-31,12:30:54,-07:00,2025-10-31T12:30:54-07:00,4,23
projects/index.html,17,html,7e391c59,rinconjm,2025-10-31,12:30:54,-07:00,2025-10-31T12:30:54-07:00,2,4
projects/index.html,18,html,7e391c59,rinconjm,2025-10-31,12:30:54,-07:00,2025-10-31T12:30:54-07:00,2,4
projects/index.html,19,html,7e391c59,rinconjm,2025-10-31,12:30:54,-07:00,2025-10-31T12:30:54-07:00,4,15
projects/index.html,20,html,7e391c59,rinconjm,2025-10-31,12:30:54,-07:00,2025-10-31T12:30:54-07:00,4,11
projects/index.html,21,html,7e391c59,rinconjm,2025-10-31,12:30:54,-07:00,2025-10-31T12:30:54-07:00,4,26
projects/index.html,22,html,7e391c59,rinconjm,2025-10-31,12:30:54,-07:00,2025-10-31T12:30:54-07:00,4,31
projects/index.html,23,html,7e391c59,rinconjm,2025-10-31,12:30:54,-07:00,2025-10-31T12:30:54-07:00,2,0
projects/index.html,24,html,7e391c59,rinconjm,2025-10-31,12:30:54,-07:00,2025-10-31T12:30:54-07:00,2,0
projects/index.html,25,html,39f413fd,rinconjm,2025-10-24,13:34:54,-07:00,2025-10-24T13:34:54-07:00,2,26
projects/index.html,26,html,784aadb9,rinconjm,2025-09-30,17:24:48,-07:00,2025-09-30T17:24:48-07:00,0,5
contact/index.html,1,html,78686084,rinconjm,2025-09-30,17:00:46,-07:00,2025-09-30T17:00:46-07:00,0,13
contact/index.html,2,html,78686084,rinconjm,2025-09-30,17:00:46,-07:00,2025-09-30T17:00:46-07:00,0,14
contact/index.html,3,html,78686084,rinconjm,2025-09-30,17:00:46,-07:00,2025-09-30T17:00:46-07:00,0,0
contact/index.html,4,html,78686084,rinconjm,2025-09-30,17:00:46,-07:00,2025-09-30T17:00:46-07:00,0,4
contact/index.html,5,html,78686084,rinconjm,2025-09-30,17:00:46,-07:00,2025-09-30T17:00:46-07:00,2,20
contact/index.html,6,html,78686084,rinconjm,2025-09-30,17:00:46,-07:00,2025-09-30T17:00:46-07:00,2,68
contact/index.html,7,html,78686084,rinconjm,2025-09-30,17:00:46,-07:00,2025-09-30T17:00:46-07:00,2,20
contact/index.html,8,html,78686084,rinconjm,2025-09-30,17:00:46,-07:00,2025-09-30T17:00:46-07:00,2,43
contact/index.html,9,html,40ca287c,rinconjm,2025-10-16,18:55:17,-07:00,2025-10-16T18:55:17-07:00,2,48
contact/index.html,10,html,458453d1,rinconjm,2025-10-10,11:31:43,-07:00,2025-10-10T11:31:43-07:00,0,5
contact/index.html,11,html,78686084,rinconjm,2025-09-30,17:00:46,-07:00,2025-09-30T17:00:46-07:00,0,0
contact/index.html,12,html,78686084,rinconjm,2025-09-30,17:00:46,-07:00,2025-09-30T17:00:46-07:00,0,4
contact/index.html,13,html,458453d1,rinconjm,2025-10-10,11:31:43,-07:00,2025-10-10T11:31:43-07:00,2,17
contact/index.html,14,html,40ca287c,rinconjm,2025-10-16,18:55:17,-07:00,2025-10-16T18:55:17-07:00,2,59
contact/index.html,15,html,458453d1,rinconjm,2025-10-10,11:31:43,-07:00,2025-10-10T11:31:43-07:00,4,35
contact/index.html,16,html,458453d1,rinconjm,2025-10-10,11:31:43,-07:00,2025-10-10T11:31:43-07:00,4,41
contact/index.html,17,html,458453d1,rinconjm,2025-10-10,11:31:43,-07:00,2025-10-10T11:31:43-07:00,0,0
contact/index.html,18,html,458453d1,rinconjm,2025-10-10,11:31:43,-07:00,2025-10-10T11:31:43-07:00,4,29
contact/index.html,19,html,458453d1,rinconjm,2025-10-10,11:31:43,-07:00,2025-10-10T11:31:43-07:00,4,42
contact/index.html,20,html,458453d1,rinconjm,2025-10-10,11:31:43,-07:00,2025-10-10T11:31:43-07:00,4,0
contact/index.html,21,html,78686084,rinconjm,2025-09-30,17:00:46,-07:00,2025-09-30T17:00:46-07:00,4,21
contact/index.html,22,html,78686084,rinconjm,2025-09-30,17:00:46,-07:00,2025-09-30T17:00:46-07:00,2,5
contact/index.html,23,html,78686084,rinconjm,2025-09-30,17:00:46,-07:00,2025-09-30T17:00:46-07:00,0,5
contact/index.html,24,html,78686084,rinconjm,2025-09-30,17:00:46,-07:00,2025-09-30T17:00:46-07:00,0,0
contact/index.html,25,html,78686084,rinconjm,2025-09-30,17:00:46,-07:00,2025-09-30T17:00:46-07:00,0,5
